{"type": "FeatureCollection", "name": "boston_blocks", "crs": {"type": "name", "properties": {"name": "urn:ogc:def:crs:OGC:1.3:CRS84"}}, "features": [{"type": "Feature", "properties": {"street_address": "328 Ptolemy St", "property_value": 656000, "last_sale_date": "1896-12-09", "is_rental": true, "is_owner_occupied": false, "is_vacant": false, "count_permits_last_six_months": 3, "count_police_calls_last_six_months": 2}, "geometry": {"type": "MultiPolygon", "coordinates": [[[[-71.06796, 42.3596], [-71.06797, 42.35975], [-71.06781, 42.35975], [-71.0678, 42.3596], [-71.06796, 42.3596]]]]}}, {"type": "Feature", "properties": {"street_address": "378 Euclid Ave", "property_value": 619000, "last_sale_date": "1912-10-14", "is_rental": true, "is_owner_occupied": false, "is_vacant": false, "count_permits_last_six_months": 0, "count_police_calls_last_six_months": 1}, "geometry": {"type": "MultiPolygon", "coordinates": [[[[-71.06796, 42.3596], [-71.06797, 42.35975], [-71.06781, 42.35975], [-71.0678, 42.3596], [-71.06796, 42.3596]]]]}}, {"type": "Feature", "properties": {"street_address": "112 Mercator Ln", "property_value": 1152000, "last_sale_date": "2019-10-01", "is_rental": true, "is_owner_occupied": false, "is_vacant": false, "count_permits_last_six_months": 10, "count_police_calls_last_six_months": 8}, "geometry": {"type": "MultiPolygon", "coordinates": [[[[-71.06796, 42.3596], [-71.06797, 42.35975], [-71.06781, 42.35975], [-71.0678, 42.3596], [-71.06796, 42.3596]]]]}}, {"type": "Feature", "properties": {"street_address": "215 Gauss Blvd", "property_value": 1102000, "last_sale_date": "2004-10-09", "is_rental": true, "is_owner_occupied": false, "is_vacant": false, "count_permits_last_six_months": 2, "count_police_calls_last_six_months": 6}, "geometry": {"type": "MultiPolygon", "coordinates": [[[[-71.06796, 42.3596], [-71.06797, 42.35975], [-71.06781, 42.35975], [-71.0678, 42.3596], [-71.06796, 42.3596]]]]}}, {"type": "Feature", "properties": {"street_address": "175 Euler Way", "property_value": 1338000, "last_sale_date": "1929-04-25", "is_rental": false, "is_owner_occupied": true, "is_vacant": false, "count_permits_last_six_months": 1, "count_police_calls_last_six_months": 6}, "geometry": {"type": "MultiPolygon", "coordinates": [[[[-71.06796, 42.3596], [-71.06797, 42.35975], [-71.06781, 42.35975], [-71.0678, 42.3596], [-71.06796, 42.3596]]]]}}, {"type": "Feature", "properties": {"street_address": "50 Fibonacci Ct", "property_value": 1670000, "last_sale_date": "1978-10-09", "is_rental": true, "is_owner_occupied": false, "is_vacant": false, "count_permits_last_six_months": 7, "count_police_calls_last_six_months": 8}, "geometry": {"type": "MultiPolygon", "coordinates": [[[[-71.06796, 42.3596], [-71.06797, 42.35975], [-71.06781, 42.35975], [-71.0678, 42.3596], [-71.06796, 42.3596]]]]}}, {"type": "Feature", "properties": {"street_address": "64 Archimedes Rd", "property_value": 3977000, "last_sale_date": "1986-02-18", "is_rental": false, "is_owner_occupied": false, "is_vacant": true, "count_permits_last_six_months": 1, "count_police_calls_last_six_months": 0}, "geometry": {"type": "MultiPolygon", "coordinates": [[[[-71.06796, 42.3596], [-71.06797, 42.35975], [-71.06781, 42.35975], [-71.0678, 42.3596], [-71.06796, 42.3596]]]]}}, {"type": "Feature", "properties": {"street_address": "339 Copernicus Dr", "property_value": 1133000, "last_sale_date": "1964-02-28", "is_rental": true, "is_owner_occupied": false, "is_vacant": false, "count_permits_last_six_months": 1, "count_police_calls_last_six_months": 6}, "geometry": {"type": "MultiPolygon", "coordinates": [[[[-71.06796, 42.3596], [-71.06797, 42.35975], [-71.06781, 42.35975], [-71.0678, 42.3596], [-71.06796, 42.3596]]]]}}, {"type": "Feature", "properties": {"street_address": "143 Kepler St", "property_value": 2057000, "last_sale_date": "1983-03-12", "is_rental": false, "is_owner_occupied": true, "is_vacant": false, "count_permits_last_six_months": 10, "count_police_calls_last_six_months": 4}, "geometry": {"type": "MultiPolygon", "coordinates": [[[[-71.06796, 42.3596], [-71.06797, 42.35975], [-71.06781, 42.35975], [-71.0678, 42.3596], [-71.06796, 42.3596]]]]}}, {"type": "Feature", "properties": {"street_address": "360 Descartes Ave", "property_value": 2999000, "last_sale_date": "1908-10-21", "is_rental": true, "is_owner_occupied": false, "is_vacant": false, "count_permits_last_six_months": 8, "count_police_calls_last_six_months": 3}, "geometry": {"type": "MultiPolygon", "coordinates": [[[[-71.06796, 42.3596], [-71.06797, 42.35975], [-71.06781, 42.35975], [-71.0678, 42.3596], [-71.06796, 42.3596]]]]}}, {"type": "Feature", "properties": {"street_address": "84 Riemann Ln", "property_value": 2093000, "last_sale_date": "1987-05-21", "is_rental": true, "is_owner_occupied": false, "is_vacant": false, "count_permits_last_six_months": 10, "count_police_calls_last_six_months": 5}, "geometry": {"type": "MultiPolygon", "coordinates": [[[[-71.06796, 42.3596], [-71.06797, 42.35975], [-71.06781, 42.35975], [-71.0678, 42.3596], [-71.06796, 42.3596]]]]}}, {"type": "Feature", "properties": {"street_address": "432 Bernoulli Way", "property_value": 3347000, "last_sale_date": "1904-04-27", "is_rental": true, "is_owner_occupied": false, "is_vacant": false, "count_permits_last_six_months": 5, "count_police_calls_last_six_months": 6}, "geometry": {"type": "MultiPolygon", "coordinates": [[[[-71.06796, 42.3596], [-71.06797, 42.35975], [-71.06781, 42.35975], [-71.0678, 42.3596], [-71.06796, 42.3596]]]]}}, {"type": "Feature", "properties": {"street_address": "138 Fermat Pl", "property_value": 471000, "last_sale_date": "1944-10-23", "is_rental": false, "is_owner_occupied": true, "is_vacant": false, "count_permits_last_six_months": 10, "count_police_calls_last_six_months": 7}, "geometry": {"type": "MultiPolygon", "coordinates": [[[[-71.06796, 42.3596], [-71.06797, 42.35975], [-71.06781, 42.35975], [-71.0678, 42.3596], [-71.06796, 42.3596]]]]}}, {"type": "Feature", "properties": {"street_address": "203 Lagrange Blvd", "property_value": 3823000, "last_sale_date": "2007-03-09", "is_rental": true, "is_owner_occupied": false, "is_vacant": false, "count_permits_last_six_months": 3, "count_police_calls_last_six_months": 8}, "geometry": {"type": "MultiPolygon", "coordinates": [[[[-71.06796, 42.3596], [-71.06797, 42.35975], [-71.06781, 42.35975], [-71.0678, 42.3596], [-71.06796, 42.3596]]]]}}, {"type": "Feature", "properties": {"street_address": "276 Napier Rd", "property_value": 1276000, "last_sale_date": "1999-10-13", "is_rental": false, "is_owner_occupied": true, "is_vacant": false, "count_permits_last_six_months": 2, "count_police_calls_last_six_months": 8}, "geometry": {"type": "MultiPolygon", "coordinates": [[[[-71.06796, 42.3596], [-71.06797, 42.35975], [-71.06781, 42.35975], [-71.0678, 42.3596], [-71.06796, 42.3596]]]]}}, {"type": "Feature", "properties": {"street_address": "253 Ortelius Dr", "property_value": 572000, "last_sale_date": "1902-02-05", "is_rental": true, "is_owner_occupied": false, "is_vacant": false, "count_permits_last_six_months": 10, "count_police_calls_last_six_months": 6}, "geometry": {"type": "MultiPolygon", "coordinates": [[[[-71.06796, 42.3596], [-71.06797, 42.35975], [-71.06781, 42.35975], [-71.0678, 42.3596], [-71.06796, 42.3596]]]]}}, {"type": "Feature", "properties": {"street_address": "306 Cassini St", "property_value": 460000, "last_sale_date": "1988-07-20", "is_rental": false, "is_owner_occupied": false, "is_vacant": true, "count_permits_last_six_months": 10, "count_police_calls_last_six_months": 1}, "geometry": {"type": "MultiPolygon", "coordinates": [[[[-71.06803, 42.35959], [-71.06804, 42.35975], [-71.06797, 42.35975], [-71.06796, 42.3596], [-71.06803, 42.35959]]]]}}, {"type": "Feature", "properties": {"street_address": "350 Brahe Ave", "property_value": 3824000, "last_sale_date": "1958-11-11", "is_rental": true, "is_owner_occupied": false, "is_vacant": false, "count_permits_last_six_months": 4, "count_police_calls_last_six_months": 6}, "geometry": {"type": "MultiPolygon", "coordinates": [[[[-71.06803, 42.35959], [-71.06804, 42.35975], [-71.06797, 42.35975], [-71.06796, 42.3596], [-71.06803, 42.35959]]]]}}, {"type": "Feature", "properties": {"street_address": "81 Halley Ln", "property_value": 2058000, "last_sale_date": "1890-12-24", "is_rental": false, "is_owner_occupied": true, "is_vacant": false, "count_permits_last_six_months": 8, "count_police_calls_last_six_months": 1}, "geometry": {"type": "MultiPolygon", "coordinates": [[[[-71.06803, 42.35959], [-71.06804, 42.35975], [-71.06797, 42.35975], [-71.06796, 42.3596], [-71.06803, 42.35959]]]]}}, {"type": "Feature", "properties": {"street_address": "446 Eratosthenes Way", "property_value": 2761000, "last_sale_date": "1966-11-17", "is_rental": true, "is_owner_occupied": false, "is_vacant": false, "count_permits_last_six_months": 2, "count_police_calls_last_six_months": 5}, "geometry": {"type": "MultiPolygon", "coordinates": [[[[-71.06803, 42.35959], [-71.06804, 42.35975], [-71.06797, 42.35975], [-71.06796, 42.3596], [-71.06803, 42.35959]]]]}}, {"type": "Feature", "properties": {"street_address": "391 Hipparchus Ct", "property_value": 861000, "last_sale_date": "2025-01-20", "is_rental": false, "is_owner_occupied": false, "is_vacant": true, "count_permits_last_six_months": 1, "count_police_calls_last_six_months": 5}, "geometry": {"type": "MultiPolygon", "coordinates": [[[[-71.0681, 42.35959], [-71.06812, 42.35974], [-71.06804, 42.35975], [-71.06803, 42.35959], [-71.0681, 42.35959]]]]}}, {"type": "Feature", "properties": {"street_address": "450 Strabo Rd", "property_value": 3606000, "last_sale_date": "1968-04-02", "is_rental": true, "is_owner_occupied": false, "is_vacant": false, "count_permits_last_six_months": 9, "count_police_calls_last_six_months": 1}, "geometry": {"type": "MultiPolygon", "coordinates": [[[[-71.0681, 42.35959], [-71.06812, 42.35974], [-71.06804, 42.35975], [-71.06803, 42.35959], [-71.0681, 42.35959]]]]}}, {"type": "Feature", "properties": {"street_address": "44 Waldseemuller Dr", "property_value": 3197000, "last_sale_date": "2014-02-25", "is_rental": true, "is_owner_occupied": false, "is_vacant": false, "count_permits_last_six_months": 2, "count_police_calls_last_six_months": 10}, "geometry": {"type": "MultiPolygon", "coordinates": [[[[-71.0681, 42.35959], [-71.06812, 42.35974], [-71.06804, 42.35975], [-71.06803, 42.35959], [-71.0681, 42.35959]]]]}}, {"type": "Feature", "properties": {"street_address": "244 Gerardus St", "property_value": 2451000, "last_sale_date": "1932-05-17", "is_rental": false, "is_owner_occupied": true, "is_vacant": false, "count_permits_last_six_months": 8, "count_police_calls_last_six_months": 3}, "geometry": {"type": "MultiPolygon", "coordinates": [[[[-71.0681, 42.35959], [-71.06812, 42.35974], [-71.06804, 42.35975], [-71.06803, 42.35959], [-71.0681, 42.35959]]]]}}, {"type": "Feature", "properties": {"street_address": "366 Cresques Ave", "property_value": 1476000, "last_sale_date": "1992-11-21", "is_rental": false, "is_owner_occupied": false, "is_vacant": false, "count_permits_last_six_months": 1, "count_police_calls_last_six_months": 3}, "geometry": {"type": "MultiPolygon", "coordinates": [[[[-71.0681, 42.35959], [-71.06812, 42.35974], [-71.06804, 42.35975], [-71.06803, 42.35959], [-71.0681, 42.35959]]]]}}, {"type": "Feature", "properties": {"street_address": "116 Ptolemy St", "property_value": 462000, "last_sale_date": "1976-01-19", "is_rental": true, "is_owner_occupied": false, "is_vacant": false, "count_permits_last_six_months": 9, "count_police_calls_last_six_months": 3}, "geometry": {"type": "MultiPolygon", "coordinates": [[[[-71.06817, 42.35959], [-71.06819, 42.35974], [-71.06812, 42.35974], [-71.0681, 42.35959], [-71.06817, 42.35959]]]]}}, {"type": "Feature", "properties": {"street_address": "4 Euclid Ave", "property_value": 490000, "last_sale_date": "1905-04-03", "is_rental": true, "is_owner_occupied": false, "is_vacant": false, "count_permits_last_six_months": 5, "count_police_calls_last_six_months": 1}, "geometry": {"type": "MultiPolygon", "coordinates": [[[[-71.06825, 42.35959], [-71.06826, 42.35974], [-71.06819, 42.35974], [-71.06817, 42.35959], [-71.06825, 42.35959]]]]}}, {"type": "Feature", "properties": {"street_address": "264 Mercator Ln", "property_value": 1174000, "last_sale_date": "1961-11-16", "is_rental": true, "is_owner_occupied": false, "is_vacant": false, "count_permits_last_six_months": 8, "count_police_calls_last_six_months": 2}, "geometry": {"type": "MultiPolygon", "coordinates": [[[[-71.06825, 42.35959], [-71.06826, 42.35974], [-71.06819, 42.35974], [-71.06817, 42.35959], [-71.06825, 42.35959]]]]}}, {"type": "Feature", "properties": {"street_address": "371 Gauss Blvd", "property_value": 3814000, "last_sale_date": "2011-04-26", "is_rental": false, "is_owner_occupied": false, "is_vacant": true, "count_permits_last_six_months": 1, "count_police_calls_last_six_months": 1}, "geometry": {"type": "MultiPolygon", "coordinates": [[[[-71.06825, 42.35959], [-71.06826, 42.35974], [-71.06819, 42.35974], [-71.06817, 42.35959], [-71.06825, 42.35959]]]]}}, {"type": "Feature", "properties": {"street_address": "338 Euler Way", "property_value": 1965000, "last_sale_date": "1980-07-14", "is_rental": false, "is_owner_occupied": true, "is_vacant": false, "count_permits_last_six_months": 10, "count_police_calls_last_six_months": 10}, "geometry": {"type": "MultiPolygon", "coordinates": [[[[-71.06825, 42.35959], [-71.06826, 42.35974], [-71.06819, 42.35974], [-71.06817, 42.35959], [-71.06825, 42.35959]]]]}}, {"type": "Feature", "properties": {"street_address": "331 Fibonacci Ct", "property_value": 603000, "last_sale_date": "1905-07-24", "is_rental": false, "is_owner_occupied": true, "is_vacant": false, "count_permits_last_six_months": 3, "count_police_calls_last_six_months": 3}, "geometry": {"type": "MultiPolygon", "coordinates": [[[[-71.06825, 42.35959], [-71.06826, 42.35974], [-71.06819, 42.35974], [-71.06817, 42.35959], [-71.06825, 42.35959]]]]}}, {"type": "Feature", "properties": {"street_address": "98 Archimedes Rd", "property_value": 2396000, "last_sale_date": "2004-03-14", "is_rental": true, "is_owner_occupied": false, "is_vacant": false, "count_permits_last_six_months": 4, "count_police_calls_last_six_months": 7}, "geometry": {"type": "MultiPolygon", "coordinates": [[[[-71.06832, 42.35959], [-71.06833, 42.35974], [-71.06826, 42.35974], [-71.06825, 42.35959], [-71.06832, 42.35959]]]]}}, {"type": "Feature", "properties": {"street_address": "128 Copernicus Dr", "property_value": 3781000, "last_sale_date": "1909-08-26", "is_rental": true, "is_owner_occupied": false, "is_vacant": false, "count_permits_last_six_months": 0, "count_police_calls_last_six_months": 10}, "geometry": {"type": "MultiPolygon", "coordinates": [[[[-71.06832, 42.35959], [-71.06833, 42.35974], [-71.06826, 42.35974], [-71.06825, 42.35959], [-71.06832, 42.35959]]]]}}, {"type": "Feature", "properties": {"street_address": "277 Kepler St", "property_value": 3624000, "last_sale_date": "1893-02-25", "is_rental": true, "is_owner_occupied": false, "is_vacant": false, "count_permits_last_six_months": 2, "count_police_calls_last_six_months": 6}, "geometry": {"type": "MultiPolygon", "coordinates": [[[[-71.0684, 42.35959], [-71.06841, 42.35968], [-71.06841, 42.35973], [-71.06841, 42.35976], [-71.06834, 42.35976], [-71.06833, 42.35974], [-71.06832, 42.35959], [-71.0684, 42.35959]]]]}}, {"type": "Feature", "properties": {"street_address": "249 Descartes Ave", "property_value": 2171000, "last_sale_date": "1944-07-02", "is_rental": true, "is_owner_occupied": false, "is_vacant": false, "count_permits_last_six_months": 6, "count_police_calls_last_six_months": 0}, "geometry": {"type": "MultiPolygon", "coordinates": [[[[-71.06856, 42.35958], [-71.06856, 42.35967], [-71.06841, 42.35968], [-71.0684, 42.35959], [-71.06856, 42.35958]]]]}}, {"type": "Feature", "properties": {"street_address": "200 Riemann Ln", "property_value": 1286000, "last_sale_date": "2006-05-14", "is_rental": false, "is_owner_occupied": true, "is_vacant": false, "count_permits_last_six_months": 3, "count_police_calls_last_six_months": 4}, "geometry": {"type": "MultiPolygon", "coordinates": [[[[-71.06856, 42.35958], [-71.06856, 42.35967], [-71.06841, 42.35968], [-71.0684, 42.35959], [-71.06856, 42.35958]]]]}}, {"type": "Feature", "properties": {"street_address": "112 Bernoulli Way", "property_value": 439000, "last_sale_date": "1905-12-11", "is_rental": true, "is_owner_occupied": false, "is_vacant": false, "count_permits_last_six_months": 0, "count_police_calls_last_six_months": 9}, "geometry": {"type": "MultiPolygon", "coordinates": [[[[-71.06857, 42.35972], [-71.06857, 42.35978], [-71.06842, 42.35979], [-71.06841, 42.35976], [-71.06841, 42.35973], [-71.06857, 42.35972]]]]}}, {"type": "Feature", "properties": {"street_address": "245 Fermat Pl", "property_value": 2259000, "last_sale_date": "2025-03-02", "is_rental": true, "is_owner_occupied": false, "is_vacant": false, "count_permits_last_six_months": 2, "count_police_calls_last_six_months": 1}, "geometry": {"type": "MultiPolygon", "coordinates": [[[[-71.06857, 42.35972], [-71.06857, 42.35978], [-71.06842, 42.35979], [-71.06841, 42.35976], [-71.06841, 42.35973], [-71.06857, 42.35972]]]]}}, {"type": "Feature", "properties": {"street_address": "305 Lagrange Blvd", "property_value": 478000, "last_sale_date": "1950-07-04", "is_rental": true, "is_owner_occupied": false, "is_vacant": false, "count_permits_last_six_months": 9, "count_police_calls_last_six_months": 9}, "geometry": {"type": "MultiPolygon", "coordinates": [[[[-71.06857, 42.35972], [-71.06857, 42.35978], [-71.06842, 42.35979], [-71.06841, 42.35976], [-71.06841, 42.35973], [-71.06857, 42.35972]]]]}}, {"type": "Feature", "properties": {"street_address": "21 Napier Rd", "property_value": 2736000, "last_sale_date": "1910-07-22", "is_rental": false, "is_owner_occupied": false, "is_vacant": true, "count_permits_last_six_months": 10, "count_police_calls_last_six_months": 5}, "geometry": {"type": "MultiPolygon", "coordinates": [[[[-71.06857, 42.35972], [-71.06857, 42.35978], [-71.06842, 42.35979], [-71.06841, 42.35976], [-71.06841, 42.35973], [-71.06857, 42.35972]]]]}}, {"type": "Feature", "properties": {"street_address": "123 Ortelius Dr", "property_value": 1287000, "last_sale_date": "1991-03-22", "is_rental": false, "is_owner_occupied": false, "is_vacant": false, "count_permits_last_six_months": 1, "count_police_calls_last_six_months": 0}, "geometry": {"type": "MultiPolygon", "coordinates": [[[[-71.06857, 42.35972], [-71.06857, 42.35978], [-71.06842, 42.35979], [-71.06841, 42.35976], [-71.06841, 42.35973], [-71.06857, 42.35972]]]]}}, {"type": "Feature", "properties": {"street_address": "235 Cassini St", "property_value": 2744000, "last_sale_date": "1915-02-18", "is_rental": true, "is_owner_occupied": false, "is_vacant": false, "count_permits_last_six_months": 8, "count_police_calls_last_six_months": 4}, "geometry": {"type": "MultiPolygon", "coordinates": [[[[-71.06833, 42.35974], [-71.06834, 42.35976], [-71.06841, 42.35976], [-71.06842, 42.35979], [-71.06857, 42.35978], [-71.06858, 42.35987], [-71.06835, 42.35987], [-71.06827, 42.35987], [-71.06826, 42.35976], [-71.06826, 42.35974], [-71.06833, 42.35974]]]]}}, {"type": "Feature", "properties": {"street_address": "68 Brahe Ave", "property_value": 1629000, "last_sale_date": "1907-04-12", "is_rental": false, "is_owner_occupied": true, "is_vacant": false, "count_permits_last_six_months": 7, "count_police_calls_last_six_months": 8}, "geometry": {"type": "MultiPolygon", "coordinates": [[[[-71.06858, 42.35987], [-71.06858, 42.35992], [-71.06846, 42.35992], [-71.06817, 42.35994], [-71.06817, 42.35992], [-71.06816, 42.35987], [-71.06827, 42.35987], [-71.06835, 42.35987], [-71.06858, 42.35987]]]]}}, {"type": "Feature", "properties": {"street_address": "361 Halley Ln", "property_value": 1439000, "last_sale_date": "2025-01-22", "is_rental": false, "is_owner_occupied": true, "is_vacant": false, "count_permits_last_six_months": 2, "count_police_calls_last_six_months": 4}, "geometry": {"type": "MultiPolygon", "coordinates": [[[[-71.06858, 42.35992], [-71.06859, 42.35997], [-71.06845, 42.35998], [-71.06829, 42.35998], [-71.06829, 42.35999], [-71.06821, 42.35999], [-71.06817, 42.35999], [-71.06817, 42.35997], [-71.06817, 42.35994], [-71.06846, 42.35992], [-71.06858, 42.35992]]]]}}, {"type": "Feature", "properties": {"street_address": "60 Eratosthenes Way", "property_value": 3844000, "last_sale_date": "1917-12-18", "is_rental": true, "is_owner_occupied": false, "is_vacant": false, "count_permits_last_six_months": 4, "count_police_calls_last_six_months": 4}, "geometry": {"type": "MultiPolygon", "coordinates": [[[[-71.06859, 42.35997], [-71.06859, 42.36006], [-71.06846, 42.36007], [-71.06845, 42.35998], [-71.06859, 42.35997]]]]}}, {"type": "Feature", "properties": {"street_address": "310 Hipparchus Ct", "property_value": 1062000, "last_sale_date": "1977-04-22", "is_rental": false, "is_owner_occupied": false, "is_vacant": false, "count_permits_last_six_months": 0, "count_police_calls_last_six_months": 1}, "geometry": {"type": "MultiPolygon", "coordinates": [[[[-71.06859, 42.35997], [-71.06859, 42.36006], [-71.06846, 42.36007], [-71.06845, 42.35998], [-71.06859, 42.35997]]]]}}, {"type": "Feature", "properties": {"street_address": "325 Strabo Rd", "property_value": 1934000, "last_sale_date": "1960-01-01", "is_rental": false, "is_owner_occupied": true, "is_vacant": false, "count_permits_last_six_months": 10, "count_police_calls_last_six_months": 4}, "geometry": {"type": "MultiPolygon", "coordinates": [[[[-71.06859, 42.35997], [-71.06859, 42.36006], [-71.06846, 42.36007], [-71.06845, 42.35998], [-71.06859, 42.35997]]]]}}, {"type": "Feature", "properties": {"street_address": "83 Waldseemuller Dr", "property_value": 3236000, "last_sale_date": "2003-09-23", "is_rental": false, "is_owner_occupied": true, "is_vacant": false, "count_permits_last_six_months": 1, "count_police_calls_last_six_months": 1}, "geometry": {"type": "MultiPolygon", "coordinates": [[[[-71.06859, 42.35997], [-71.06859, 42.36006], [-71.06846, 42.36007], [-71.06845, 42.35998], [-71.06859, 42.35997]]]]}}, {"type": "Feature", "properties": {"street_address": "484 Gerardus St", "property_value": 3817000, "last_sale_date": "1928-09-02", "is_rental": false, "is_owner_occupied": true, "is_vacant": false, "count_permits_last_six_months": 6, "count_police_calls_last_six_months": 2}, "geometry": {"type": "MultiPolygon", "coordinates": [[[[-71.06859, 42.35997], [-71.06859, 42.36006], [-71.06846, 42.36007], [-71.06845, 42.35998], [-71.06859, 42.35997]]]]}}, {"type": "Feature", "properties": {"street_address": "22 Cresques Ave", "property_value": 1462000, "last_sale_date": "1983-01-12", "is_rental": true, "is_owner_occupied": false, "is_vacant": false, "count_permits_last_six_months": 10, "count_police_calls_last_six_months": 3}, "geometry": {"type": "MultiPolygon", "coordinates": [[[[-71.06859, 42.35997], [-71.06859, 42.36006], [-71.06846, 42.36007], [-71.06845, 42.35998], [-71.06859, 42.35997]]]]}}, {"type": "Feature", "properties": {"street_address": "342 Ptolemy St", "property_value": 621000, "last_sale_date": "1980-09-28", "is_rental": false, "is_owner_occupied": true, "is_vacant": false, "count_permits_last_six_months": 3, "count_police_calls_last_six_months": 2}, "geometry": {"type": "MultiPolygon", "coordinates": [[[[-71.06859, 42.35997], [-71.06859, 42.36006], [-71.06846, 42.36007], [-71.06845, 42.35998], [-71.06859, 42.35997]]]]}}, {"type": "Feature", "properties": {"street_address": "500 Euclid Ave", "property_value": 3476000, "last_sale_date": "1935-07-01", "is_rental": true, "is_owner_occupied": false, "is_vacant": false, "count_permits_last_six_months": 5, "count_police_calls_last_six_months": 6}, "geometry": {"type": "MultiPolygon", "coordinates": [[[[-71.06859, 42.35997], [-71.06859, 42.36006], [-71.06846, 42.36007], [-71.06845, 42.35998], [-71.06859, 42.35997]]]]}}, {"type": "Feature", "properties": {"street_address": "411 Mercator Ln", "property_value": 2943000, "last_sale_date": "1953-05-06", "is_rental": true, "is_owner_occupied": false, "is_vacant": false, "count_permits_last_six_months": 6, "count_police_calls_last_six_months": 0}, "geometry": {"type": "MultiPolygon", "coordinates": [[[[-71.06859, 42.35997], [-71.06859, 42.36006], [-71.06846, 42.36007], [-71.06845, 42.35998], [-71.06859, 42.35997]]]]}}, {"type": "Feature", "properties": {"street_address": "440 Gauss Blvd", "property_value": 2127000, "last_sale_date": "1946-04-27", "is_rental": false, "is_owner_occupied": false, "is_vacant": false, "count_permits_last_six_months": 3, "count_police_calls_last_six_months": 3}, "geometry": {"type": "MultiPolygon", "coordinates": [[[[-71.06859, 42.36006], [-71.0686, 42.36015], [-71.06846, 42.36015], [-71.06846, 42.36007], [-71.06859, 42.36006]]]]}}, {"type": "Feature", "properties": {"street_address": "13 Euler Way", "property_value": 2903000, "last_sale_date": "1939-07-11", "is_rental": false, "is_owner_occupied": true, "is_vacant": false, "count_permits_last_six_months": 4, "count_police_calls_last_six_months": 5}, "geometry": {"type": "MultiPolygon", "coordinates": [[[[-71.06859, 42.36006], [-71.0686, 42.36015], [-71.06846, 42.36015], [-71.06846, 42.36007], [-71.06859, 42.36006]]]]}}, {"type": "Feature", "properties": {"street_address": "329 Fibonacci Ct", "property_value": 2286000, "last_sale_date": "1992-11-27", "is_rental": false, "is_owner_occupied": true, "is_vacant": false, "count_permits_last_six_months": 1, "count_police_calls_last_six_months": 4}, "geometry": {"type": "MultiPolygon", "coordinates": [[[[-71.06859, 42.36006], [-71.0686, 42.36015], [-71.06846, 42.36015], [-71.06846, 42.36007], [-71.06859, 42.36006]]]]}}, {"type": "Feature", "properties": {"street_address": "92 Archimedes Rd", "property_value": 2578000, "last_sale_date": "1957-01-04", "is_rental": false, "is_owner_occupied": false, "is_vacant": false, "count_permits_last_six_months": 6, "count_police_calls_last_six_months": 9}, "geometry": {"type": "MultiPolygon", "coordinates": [[[[-71.06859, 42.36006], [-71.0686, 42.36015], [-71.06846, 42.36015], [-71.06846, 42.36007], [-71.06859, 42.36006]]]]}}, {"type": "Feature", "properties": {"street_address": "262 Copernicus Dr", "property_value": 673000, "last_sale_date": "1988-10-07", "is_rental": false, "is_owner_occupied": true, "is_vacant": false, "count_permits_last_six_months": 6, "count_police_calls_last_six_months": 0}, "geometry": {"type": "MultiPolygon", "coordinates": [[[[-71.06859, 42.36006], [-71.0686, 42.36015], [-71.06846, 42.36015], [-71.06846, 42.36007], [-71.06859, 42.36006]]]]}}, {"type": "Feature", "properties": {"street_address": "267 Kepler St", "property_value": 3991000, "last_sale_date": "1940-06-14", "is_rental": true, "is_owner_occupied": false, "is_vacant": false, "count_permits_last_six_months": 10, "count_police_calls_last_six_months": 5}, "geometry": {"type": "MultiPolygon", "coordinates": [[[[-71.06859, 42.36006], [-71.0686, 42.36015], [-71.06846, 42.36015], [-71.06846, 42.36007], [-71.06859, 42.36006]]]]}}, {"type": "Feature", "properties": {"street_address": "320 Descartes Ave", "property_value": 1485000, "last_sale_date": "1921-12-10", "is_rental": false, "is_owner_occupied": false, "is_vacant": false, "count_permits_last_six_months": 6, "count_police_calls_last_six_months": 4}, "geometry": {"type": "MultiPolygon", "coordinates": [[[[-71.06859, 42.36006], [-71.0686, 42.36015], [-71.06846, 42.36015], [-71.06846, 42.36007], [-71.06859, 42.36006]]]]}}, {"type": "Feature", "properties": {"street_address": "284 Riemann Ln", "property_value": 721000, "last_sale_date": "1939-07-22", "is_rental": false, "is_owner_occupied": true, "is_vacant": false, "count_permits_last_six_months": 9, "count_police_calls_last_six_months": 9}, "geometry": {"type": "MultiPolygon", "coordinates": [[[[-71.06859, 42.36006], [-71.0686, 42.36015], [-71.06846, 42.36015], [-71.06846, 42.36007], [-71.06859, 42.36006]]]]}}, {"type": "Feature", "properties": {"street_address": "155 Bernoulli Way", "property_value": 1863000, "last_sale_date": "1890-05-10", "is_rental": true, "is_owner_occupied": false, "is_vacant": false, "count_permits_last_six_months": 6, "count_police_calls_last_six_months": 9}, "geometry": {"type": "MultiPolygon", "coordinates": [[[[-71.06859, 42.36006], [-71.0686, 42.36015], [-71.06846, 42.36015], [-71.06846, 42.36007], [-71.06859, 42.36006]]]]}}, {"type": "Feature", "properties": {"street_address": "311 Fermat Pl", "property_value": 2881000, "last_sale_date": "1972-08-15", "is_rental": false, "is_owner_occupied": true, "is_vacant": false, "count_permits_last_six_months": 8, "count_police_calls_last_six_months": 7}, "geometry": {"type": "MultiPolygon", "coordinates": [[[[-71.0686, 42.36015], [-71.06861, 42.36025], [-71.06847, 42.36025], [-71.06846, 42.36015], [-71.0686, 42.36015]]]]}}, {"type": "Feature", "properties": {"street_address": "407 Lagrange Blvd", "property_value": 3891000, "last_sale_date": "1933-11-03", "is_rental": false, "is_owner_occupied": false, "is_vacant": true, "count_permits_last_six_months": 3, "count_police_calls_last_six_months": 10}, "geometry": {"type": "MultiPolygon", "coordinates": [[[[-71.06845, 42.35998], [-71.06846, 42.36007], [-71.06846, 42.36015], [-71.06847, 42.36025], [-71.06831, 42.36026], [-71.06829, 42.35999], [-71.06829, 42.35998], [-71.06845, 42.35998]]]]}}, {"type": "Feature", "properties": {"street_address": "159 Napier Rd", "property_value": 1120000, "last_sale_date": "1940-03-01", "is_rental": true, "is_owner_occupied": false, "is_vacant": false, "count_permits_last_six_months": 3, "count_police_calls_last_six_months": 7}, "geometry": {"type": "MultiPolygon", "coordinates": [[[[-71.06829, 42.35999], [-71.06831, 42.36026], [-71.06824, 42.36026], [-71.06822, 42.36004], [-71.06821, 42.36003], [-71.06821, 42.35999], [-71.06829, 42.35999]]]]}}, {"type": "Feature", "properties": {"street_address": "313 Ortelius Dr", "property_value": 3680000, "last_sale_date": "1908-08-14", "is_rental": true, "is_owner_occupied": false, "is_vacant": false, "count_permits_last_six_months": 6, "count_police_calls_last_six_months": 7}, "geometry": {"type": "MultiPolygon", "coordinates": [[[[-71.06829, 42.35999], [-71.06831, 42.36026], [-71.06824, 42.36026], [-71.06822, 42.36004], [-71.06821, 42.36003], [-71.06821, 42.35999], [-71.06829, 42.35999]]]]}}, {"type": "Feature", "properties": {"street_address": "205 Cassini St", "property_value": 1199000, "last_sale_date": "1927-11-23", "is_rental": true, "is_owner_occupied": false, "is_vacant": false, "count_permits_last_six_months": 1, "count_police_calls_last_six_months": 6}, "geometry": {"type": "MultiPolygon", "coordinates": [[[[-71.06821, 42.36003], [-71.06822, 42.36004], [-71.06824, 42.36026], [-71.06816, 42.36027], [-71.06815, 42.36009], [-71.06815, 42.36003], [-71.06821, 42.36003]]]]}}, {"type": "Feature", "properties": {"street_address": "113 Brahe Ave", "property_value": 920000, "last_sale_date": "2022-08-02", "is_rental": true, "is_owner_occupied": false, "is_vacant": false, "count_permits_last_six_months": 1, "count_police_calls_last_six_months": 7}, "geometry": {"type": "MultiPolygon", "coordinates": [[[[-71.06815, 42.36009], [-71.06816, 42.36027], [-71.06809, 42.36027], [-71.06809, 42.3602], [-71.06808, 42.36015], [-71.06808, 42.36009], [-71.06815, 42.36009]]]]}}, {"type": "Feature", "properties": {"street_address": "69 Halley Ln", "property_value": 3482000, "last_sale_date": "2008-11-17", "is_rental": false, "is_owner_occupied": false, "is_vacant": false, "count_permits_last_six_months": 8, "count_police_calls_last_six_months": 7}, "geometry": {"type": "MultiPolygon", "coordinates": [[[[-71.06815, 42.36009], [-71.06816, 42.36027], [-71.06809, 42.36027], [-71.06809, 42.3602], [-71.06808, 42.36015], [-71.06808, 42.36009], [-71.06815, 42.36009]]]]}}, {"type": "Feature", "properties": {"street_address": "460 Eratosthenes Way", "property_value": 851000, "last_sale_date": "2011-08-09", "is_rental": true, "is_owner_occupied": false, "is_vacant": false, "count_permits_last_six_months": 10, "count_police_calls_last_six_months": 4}, "geometry": {"type": "MultiPolygon", "coordinates": [[[[-71.06815, 42.36009], [-71.06816, 42.36027], [-71.06809, 42.36027], [-71.06809, 42.3602], [-71.06808, 42.36015], [-71.06808, 42.36009], [-71.06815, 42.36009]]]]}}, {"type": "Feature", "properties": {"street_address": "393 Hipparchus Ct", "property_value": 3385000, "last_sale_date": "2023-08-21", "is_rental": true, "is_owner_occupied": false, "is_vacant": false, "count_permits_last_six_months": 4, "count_police_calls_last_six_months": 7}, "geometry": {"type": "MultiPolygon", "coordinates": [[[[-71.06809, 42.3602], [-71.06809, 42.36027], [-71.06785, 42.36028], [-71.06785, 42.36021], [-71.06809, 42.3602]]]]}}, {"type": "Feature", "properties": {"street_address": "40 Strabo Rd", "property_value": 3122000, "last_sale_date": "1963-04-09", "is_rental": false, "is_owner_occupied": false, "is_vacant": true, "count_permits_last_six_months": 2, "count_police_calls_last_six_months": 2}, "geometry": {"type": "MultiPolygon", "coordinates": [[[[-71.06809, 42.3602], [-71.06809, 42.36027], [-71.06785, 42.36028], [-71.06785, 42.36021], [-71.06809, 42.3602]]]]}}, {"type": "Feature", "properties": {"street_address": "119 Waldseemuller Dr", "property_value": 1768000, "last_sale_date": "1929-12-07", "is_rental": true, "is_owner_occupied": false, "is_vacant": false, "count_permits_last_six_months": 6, "count_police_calls_last_six_months": 6}, "geometry": {"type": "MultiPolygon", "coordinates": [[[[-71.06809, 42.3602], [-71.06809, 42.36027], [-71.06785, 42.36028], [-71.06785, 42.36021], [-71.06809, 42.3602]]]]}}, {"type": "Feature", "properties": {"street_address": "170 Gerardus St", "property_value": 2422000, "last_sale_date": "2009-07-02", "is_rental": true, "is_owner_occupied": false, "is_vacant": false, "count_permits_last_six_months": 6, "count_police_calls_last_six_months": 6}, "geometry": {"type": "MultiPolygon", "coordinates": [[[[-71.06809, 42.3602], [-71.06809, 42.36027], [-71.06785, 42.36028], [-71.06785, 42.36021], [-71.06809, 42.3602]]]]}}, {"type": "Feature", "properties": {"street_address": "464 Cresques Ave", "property_value": 3353000, "last_sale_date": "1895-10-13", "is_rental": false, "is_owner_occupied": true, "is_vacant": false, "count_permits_last_six_months": 5, "count_police_calls_last_six_months": 4}, "geometry": {"type": "MultiPolygon", "coordinates": [[[[-71.06809, 42.3602], [-71.06809, 42.36027], [-71.06785, 42.36028], [-71.06785, 42.36021], [-71.06809, 42.3602]]]]}}, {"type": "Feature", "properties": {"street_address": "386 Ptolemy St", "property_value": 1797000, "last_sale_date": "1997-09-24", "is_rental": true, "is_owner_occupied": false, "is_vacant": false, "count_permits_last_six_months": 7, "count_police_calls_last_six_months": 3}, "geometry": {"type": "MultiPolygon", "coordinates": [[[[-71.06809, 42.3602], [-71.06809, 42.36027], [-71.06785, 42.36028], [-71.06785, 42.36021], [-71.06809, 42.3602]]]]}}, {"type": "Feature", "properties": {"street_address": "140 Euclid Ave", "property_value": 1985000, "last_sale_date": "2014-01-13", "is_rental": false, "is_owner_occupied": false, "is_vacant": true, "count_permits_last_six_months": 7, "count_police_calls_last_six_months": 2}, "geometry": {"type": "MultiPolygon", "coordinates": [[[[-71.06809, 42.3602], [-71.06809, 42.36027], [-71.06785, 42.36028], [-71.06785, 42.36021], [-71.06809, 42.3602]]]]}}, {"type": "Feature", "properties": {"street_address": "319 Mercator Ln", "property_value": 2387000, "last_sale_date": "1896-07-19", "is_rental": true, "is_owner_occupied": false, "is_vacant": false, "count_permits_last_six_months": 1, "count_police_calls_last_six_months": 10}, "geometry": {"type": "MultiPolygon", "coordinates": [[[[-71.06809, 42.3602], [-71.06809, 42.36027], [-71.06785, 42.36028], [-71.06785, 42.36021], [-71.06809, 42.3602]]]]}}, {"type": "Feature", "properties": {"street_address": "220 Gauss Blvd", "property_value": 755000, "last_sale_date": "2008-03-02", "is_rental": false, "is_owner_occupied": false, "is_vacant": false, "count_permits_last_six_months": 3, "count_police_calls_last_six_months": 7}, "geometry": {"type": "MultiPolygon", "coordinates": [[[[-71.06808, 42.36015], [-71.06809, 42.3602], [-71.06785, 42.36021], [-71.06784, 42.36015], [-71.06808, 42.36015]]]]}}, {"type": "Feature", "properties": {"street_address": "168 Euler Way", "property_value": 1582000, "last_sale_date": "1987-05-25", "is_rental": false, "is_owner_occupied": false, "is_vacant": true, "count_permits_last_six_months": 7, "count_police_calls_last_six_months": 0}, "geometry": {"type": "MultiPolygon", "coordinates": [[[[-71.06808, 42.36009], [-71.06808, 42.36015], [-71.06784, 42.36015], [-71.06784, 42.36009], [-71.06808, 42.36009]]]]}}, {"type": "Feature", "properties": {"street_address": "384 Fibonacci Ct", "property_value": 2409000, "last_sale_date": "1903-06-08", "is_rental": true, "is_owner_occupied": false, "is_vacant": false, "count_permits_last_six_months": 10, "count_police_calls_last_six_months": 0}, "geometry": {"type": "MultiPolygon", "coordinates": [[[[-71.06815, 42.36003], [-71.06815, 42.36009], [-71.06808, 42.36009], [-71.06784, 42.36009], [-71.06783, 42.36004], [-71.06815, 42.36003]]]]}}, {"type": "Feature", "properties": {"street_address": "387 Archimedes Rd", "property_value": 327000, "last_sale_date": "1953-04-27", "is_rental": true, "is_owner_occupied": false, "is_vacant": false, "count_permits_last_six_months": 9, "count_police_calls_last_six_months": 2}, "geometry": {"type": "MultiPolygon", "coordinates": [[[[-71.06817, 42.35997], [-71.06817, 42.35999], [-71.06821, 42.35999], [-71.06821, 42.36003], [-71.06815, 42.36003], [-71.06783, 42.36004], [-71.06783, 42.35999], [-71.06817, 42.35997]]]]}}, {"type": "Feature", "properties": {"street_address": "123 Copernicus Dr", "property_value": 717000, "last_sale_date": "2011-11-04", "is_rental": true, "is_owner_occupied": false, "is_vacant": false, "count_permits_last_six_months": 7, "count_police_calls_last_six_months": 4}, "geometry": {"type": "MultiPolygon", "coordinates": [[[[-71.06817, 42.35992], [-71.06817, 42.35994], [-71.06817, 42.35997], [-71.06783, 42.35999], [-71.06782, 42.35993], [-71.06817, 42.35992]]]]}}, {"type": "Feature", "properties": {"street_address": "393 Kepler St", "property_value": 1710000, "last_sale_date": "1932-10-20", "is_rental": true, "is_owner_occupied": false, "is_vacant": false, "count_permits_last_six_months": 2, "count_police_calls_last_six_months": 4}, "geometry": {"type": "MultiPolygon", "coordinates": [[[[-71.06816, 42.35987], [-71.06817, 42.35992], [-71.06782, 42.35993], [-71.06782, 42.35988], [-71.068, 42.35987], [-71.068, 42.35988], [-71.06816, 42.35987]]]]}}, {"type": "Feature", "properties": {"street_address": "56 Descartes Ave", "property_value": 2570000, "last_sale_date": "1896-05-19", "is_rental": false, "is_owner_occupied": false, "is_vacant": true, "count_permits_last_six_months": 1, "count_police_calls_last_six_months": 9}, "geometry": {"type": "MultiPolygon", "coordinates": [[[[-71.068, 42.35982], [-71.068, 42.35987], [-71.06782, 42.35988], [-71.06781, 42.35983], [-71.068, 42.35982]]]]}}, {"type": "Feature", "properties": {"street_address": "354 Riemann Ln", "property_value": 3602000, "last_sale_date": "1952-02-23", "is_rental": false, "is_owner_occupied": true, "is_vacant": false, "count_permits_last_six_months": 9, "count_police_calls_last_six_months": 0}, "geometry": {"type": "MultiPolygon", "coordinates": [[[[-71.068, 42.35976], [-71.068, 42.35982], [-71.06781, 42.35983], [-71.06781, 42.35977], [-71.068, 42.35976]]]]}}, {"type": "Feature", "properties": {"street_address": "178 Bernoulli Way", "property_value": 2382000, "last_sale_date": "1999-11-12", "is_rental": true, "is_owner_occupied": false, "is_vacant": false, "count_permits_last_six_months": 8, "count_police_calls_last_six_months": 10}, "geometry": {"type": "MultiPolygon", "coordinates": [[[[-71.068, 42.35976], [-71.068, 42.35982], [-71.06781, 42.35983], [-71.06781, 42.35977], [-71.068, 42.35976]]]]}}, {"type": "Feature", "properties": {"street_address": "175 Fermat Pl", "property_value": 251000, "last_sale_date": "1997-08-04", "is_rental": false, "is_owner_occupied": false, "is_vacant": false, "count_permits_last_six_months": 2, "count_police_calls_last_six_months": 6}, "geometry": {"type": "MultiPolygon", "coordinates": [[[[-71.06826, 42.35976], [-71.06827, 42.35987], [-71.06816, 42.35987], [-71.068, 42.35988], [-71.068, 42.35987], [-71.068, 42.35982], [-71.068, 42.35976], [-71.06826, 42.35976]]]]}}, {"type": "Feature", "properties": {"street_address": "91 Lagrange Blvd", "property_value": 3205000, "last_sale_date": "2023-11-09", "is_rental": false, "is_owner_occupied": false, "is_vacant": false, "count_permits_last_six_months": 9, "count_police_calls_last_six_months": 4}, "geometry": {"type": "MultiPolygon", "coordinates": [[[[-71.06704, 42.35961], [-71.06704, 42.35975], [-71.06704, 42.35976], [-71.06692, 42.35976], [-71.06691, 42.35961], [-71.06704, 42.35961]]]]}}, {"type": "Feature", "properties": {"street_address": "166 Napier Rd", "property_value": 3688000, "last_sale_date": "1952-02-09", "is_rental": false, "is_owner_occupied": true, "is_vacant": false, "count_permits_last_six_months": 7, "count_police_calls_last_six_months": 9}, "geometry": {"type": "MultiPolygon", "coordinates": [[[[-71.06704, 42.35961], [-71.06704, 42.35975], [-71.06704, 42.35976], [-71.06692, 42.35976], [-71.06691, 42.35961], [-71.06704, 42.35961]]]]}}, {"type": "Feature", "properties": {"street_address": "313 Ortelius Dr", "property_value": 2936000, "last_sale_date": "1987-06-01", "is_rental": false, "is_owner_occupied": false, "is_vacant": true, "count_permits_last_six_months": 7, "count_police_calls_last_six_months": 3}, "geometry": {"type": "MultiPolygon", "coordinates": [[[[-71.06704, 42.35961], [-71.06704, 42.35975], [-71.06704, 42.35976], [-71.06692, 42.35976], [-71.06691, 42.35961], [-71.06704, 42.35961]]]]}}, {"type": "Feature", "properties": {"street_address": "182 Cassini St", "property_value": 3467000, "last_sale_date": "1956-06-09", "is_rental": false, "is_owner_occupied": true, "is_vacant": false, "count_permits_last_six_months": 8, "count_police_calls_last_six_months": 3}, "geometry": {"type": "MultiPolygon", "coordinates": [[[[-71.06704, 42.35961], [-71.06704, 42.35975], [-71.06704, 42.35976], [-71.06692, 42.35976], [-71.06691, 42.35961], [-71.06704, 42.35961]]]]}}, {"type": "Feature", "properties": {"street_address": "44 Brahe Ave", "property_value": 1188000, "last_sale_date": "1994-08-18", "is_rental": true, "is_owner_occupied": false, "is_vacant": false, "count_permits_last_six_months": 7, "count_police_calls_last_six_months": 10}, "geometry": {"type": "MultiPolygon", "coordinates": [[[[-71.06704, 42.35961], [-71.06704, 42.35975], [-71.06704, 42.35976], [-71.06692, 42.35976], [-71.06691, 42.35961], [-71.06704, 42.35961]]]]}}, {"type": "Feature", "properties": {"street_address": "365 Halley Ln", "property_value": 2210000, "last_sale_date": "2004-01-03", "is_rental": false, "is_owner_occupied": true, "is_vacant": false, "count_permits_last_six_months": 6, "count_police_calls_last_six_months": 3}, "geometry": {"type": "MultiPolygon", "coordinates": [[[[-71.06704, 42.35961], [-71.06704, 42.35975], [-71.06704, 42.35976], [-71.06692, 42.35976], [-71.06691, 42.35961], [-71.06704, 42.35961]]]]}}, {"type": "Feature", "properties": {"street_address": "157 Eratosthenes Way", "property_value": 2919000, "last_sale_date": "1984-08-18", "is_rental": false, "is_owner_occupied": false, "is_vacant": false, "count_permits_last_six_months": 5, "count_police_calls_last_six_months": 7}, "geometry": {"type": "MultiPolygon", "coordinates": [[[[-71.06704, 42.35961], [-71.06704, 42.35975], [-71.06704, 42.35976], [-71.06692, 42.35976], [-71.06691, 42.35961], [-71.06704, 42.35961]]]]}}, {"type": "Feature", "properties": {"street_address": "139 Hipparchus Ct", "property_value": 1455000, "last_sale_date": "1954-04-04", "is_rental": true, "is_owner_occupied": false, "is_vacant": false, "count_permits_last_six_months": 5, "count_police_calls_last_six_months": 1}, "geometry": {"type": "MultiPolygon", "coordinates": [[[[-71.06704, 42.35961], [-71.06704, 42.35975], [-71.06704, 42.35976], [-71.06692, 42.35976], [-71.06691, 42.35961], [-71.06704, 42.35961]]]]}}, {"type": "Feature", "properties": {"street_address": "381 Strabo Rd", "property_value": 2394000, "last_sale_date": "1937-04-07", "is_rental": false, "is_owner_occupied": false, "is_vacant": false, "count_permits_last_six_months": 1, "count_police_calls_last_six_months": 3}, "geometry": {"type": "MultiPolygon", "coordinates": [[[[-71.06711, 42.35961], [-71.06712, 42.35974], [-71.06704, 42.35975], [-71.06704, 42.35961], [-71.06711, 42.35961]]]]}}, {"type": "Feature", "properties": {"street_address": "152 Waldseemuller Dr", "property_value": 1131000, "last_sale_date": "1982-03-10", "is_rental": true, "is_owner_occupied": false, "is_vacant": false, "count_permits_last_six_months": 8, "count_police_calls_last_six_months": 2}, "geometry": {"type": "MultiPolygon", "coordinates": [[[[-71.06711, 42.35961], [-71.06712, 42.35974], [-71.06704, 42.35975], [-71.06704, 42.35961], [-71.06711, 42.35961]]]]}}, {"type": "Feature", "properties": {"street_address": "141 Gerardus St", "property_value": 386000, "last_sale_date": "1903-09-10", "is_rental": true, "is_owner_occupied": false, "is_vacant": false, "count_permits_last_six_months": 10, "count_police_calls_last_six_months": 7}, "geometry": {"type": "MultiPolygon", "coordinates": [[[[-71.06711, 42.35961], [-71.06712, 42.35974], [-71.06704, 42.35975], [-71.06704, 42.35961], [-71.06711, 42.35961]]]]}}, {"type": "Feature", "properties": {"street_address": "53 Cresques Ave", "property_value": 3774000, "last_sale_date": "1893-10-10", "is_rental": false, "is_owner_occupied": false, "is_vacant": false, "count_permits_last_six_months": 5, "count_police_calls_last_six_months": 2}, "geometry": {"type": "MultiPolygon", "coordinates": [[[[-71.06724, 42.35961], [-71.06725, 42.35974], [-71.06712, 42.35974], [-71.06711, 42.35961], [-71.06724, 42.35961]]]]}}, {"type": "Feature", "properties": {"street_address": "495 Ptolemy St", "property_value": 410000, "last_sale_date": "1954-08-04", "is_rental": true, "is_owner_occupied": false, "is_vacant": false, "count_permits_last_six_months": 6, "count_police_calls_last_six_months": 7}, "geometry": {"type": "MultiPolygon", "coordinates": [[[[-71.06724, 42.35961], [-71.06725, 42.35974], [-71.06712, 42.35974], [-71.06711, 42.35961], [-71.06724, 42.35961]]]]}}, {"type": "Feature", "properties": {"street_address": "38 Euclid Ave", "property_value": 2563000, "last_sale_date": "1903-03-05", "is_rental": false, "is_owner_occupied": true, "is_vacant": false, "count_permits_last_six_months": 3, "count_police_calls_last_six_months": 1}, "geometry": {"type": "MultiPolygon", "coordinates": [[[[-71.06724, 42.35961], [-71.06725, 42.35974], [-71.06712, 42.35974], [-71.06711, 42.35961], [-71.06724, 42.35961]]]]}}, {"type": "Feature", "properties": {"street_address": "286 Mercator Ln", "property_value": 3331000, "last_sale_date": "1996-10-20", "is_rental": true, "is_owner_occupied": false, "is_vacant": false, "count_permits_last_six_months": 8, "count_police_calls_last_six_months": 6}, "geometry": {"type": "MultiPolygon", "coordinates": [[[[-71.06725, 42.35984], [-71.06726, 42.35989], [-71.06713, 42.35989], [-71.06713, 42.35985], [-71.06713, 42.35984], [-71.06725, 42.35984]]]]}}, {"type": "Feature", "properties": {"street_address": "231 Gauss Blvd", "property_value": 3921000, "last_sale_date": "2003-05-28", "is_rental": false, "is_owner_occupied": false, "is_vacant": true, "count_permits_last_six_months": 9, "count_police_calls_last_six_months": 1}, "geometry": {"type": "MultiPolygon", "coordinates": [[[[-71.06758, 42.35961], [-71.06758, 42.35967], [-71.06755, 42.35967], [-71.06755, 42.35976], [-71.06755, 42.35977], [-71.0675, 42.35977], [-71.06748, 42.35961], [-71.06758, 42.35961]]]]}}, {"type": "Feature", "properties": {"street_address": "486 Euler Way", "property_value": 3324000, "last_sale_date": "1943-11-07", "is_rental": false, "is_owner_occupied": true, "is_vacant": false, "count_permits_last_six_months": 2, "count_police_calls_last_six_months": 3}, "geometry": {"type": "MultiPolygon", "coordinates": [[[[-71.06758, 42.35961], [-71.06758, 42.35967], [-71.06755, 42.35967], [-71.06755, 42.35976], [-71.06755, 42.35977], [-71.0675, 42.35977], [-71.06748, 42.35961], [-71.06758, 42.35961]]]]}}, {"type": "Feature", "properties": {"street_address": "89 Fibonacci Ct", "property_value": 2460000, "last_sale_date": "1909-03-01", "is_rental": false, "is_owner_occupied": false, "is_vacant": false, "count_permits_last_six_months": 4, "count_police_calls_last_six_months": 0}, "geometry": {"type": "MultiPolygon", "coordinates": [[[[-71.06758, 42.35961], [-71.06758, 42.35967], [-71.06755, 42.35967], [-71.06755, 42.35976], [-71.06755, 42.35977], [-71.0675, 42.35977], [-71.06748, 42.35961], [-71.06758, 42.35961]]]]}}, {"type": "Feature", "properties": {"street_address": "119 Archimedes Rd", "property_value": 1380000, "last_sale_date": "1962-12-28", "is_rental": false, "is_owner_occupied": true, "is_vacant": false, "count_permits_last_six_months": 10, "count_police_calls_last_six_months": 3}, "geometry": {"type": "MultiPolygon", "coordinates": [[[[-71.06758, 42.35961], [-71.06758, 42.35967], [-71.06755, 42.35967], [-71.06755, 42.35976], [-71.06755, 42.35977], [-71.0675, 42.35977], [-71.06748, 42.35961], [-71.06758, 42.35961]]]]}}, {"type": "Feature", "properties": {"street_address": "474 Copernicus Dr", "property_value": 1283000, "last_sale_date": "1940-07-04", "is_rental": true, "is_owner_occupied": false, "is_vacant": false, "count_permits_last_six_months": 10, "count_police_calls_last_six_months": 2}, "geometry": {"type": "MultiPolygon", "coordinates": [[[[-71.06758, 42.35961], [-71.06758, 42.35967], [-71.06755, 42.35967], [-71.06755, 42.35976], [-71.06755, 42.35977], [-71.0675, 42.35977], [-71.06748, 42.35961], [-71.06758, 42.35961]]]]}}, {"type": "Feature", "properties": {"street_address": "466 Kepler St", "property_value": 1288000, "last_sale_date": "1926-02-02", "is_rental": true, "is_owner_occupied": false, "is_vacant": false, "count_permits_last_six_months": 4, "count_police_calls_last_six_months": 9}, "geometry": {"type": "MultiPolygon", "coordinates": [[[[-71.06758, 42.35961], [-71.06758, 42.35967], [-71.06755, 42.35967], [-71.06755, 42.35976], [-71.06755, 42.35977], [-71.0675, 42.35977], [-71.06748, 42.35961], [-71.06758, 42.35961]]]]}}, {"type": "Feature", "properties": {"street_address": "384 Descartes Ave", "property_value": 3576000, "last_sale_date": "1963-08-04", "is_rental": false, "is_owner_occupied": false, "is_vacant": false, "count_permits_last_six_months": 4, "count_police_calls_last_six_months": 8}, "geometry": {"type": "MultiPolygon", "coordinates": [[[[-71.06758, 42.35961], [-71.06758, 42.35967], [-71.06755, 42.35967], [-71.06755, 42.35976], [-71.06755, 42.35977], [-71.0675, 42.35977], [-71.06748, 42.35961], [-71.06758, 42.35961]]]]}}, {"type": "Feature", "properties": {"street_address": "277 Riemann Ln", "property_value": 2222000, "last_sale_date": "2002-02-20", "is_rental": true, "is_owner_occupied": false, "is_vacant": false, "count_permits_last_six_months": 6, "count_police_calls_last_six_months": 5}, "geometry": {"type": "MultiPolygon", "coordinates": [[[[-71.06767, 42.3596], [-71.06768, 42.35976], [-71.06755, 42.35976], [-71.06755, 42.35967], [-71.06758, 42.35967], [-71.06758, 42.35961], [-71.06767, 42.3596]]]]}}, {"type": "Feature", "properties": {"street_address": "310 Bernoulli Way", "property_value": 1225000, "last_sale_date": "1896-02-08", "is_rental": true, "is_owner_occupied": false, "is_vacant": false, "count_permits_last_six_months": 10, "count_police_calls_last_six_months": 4}, "geometry": {"type": "MultiPolygon", "coordinates": [[[[-71.06767, 42.3596], [-71.06768, 42.35976], [-71.06755, 42.35976], [-71.06755, 42.35967], [-71.06758, 42.35967], [-71.06758, 42.35961], [-71.06767, 42.3596]]]]}}, {"type": "Feature", "properties": {"street_address": "296 Fermat Pl", "property_value": 364000, "last_sale_date": "1934-08-17", "is_rental": false, "is_owner_occupied": false, "is_vacant": true, "count_permits_last_six_months": 9, "count_police_calls_last_six_months": 6}, "geometry": {"type": "MultiPolygon", "coordinates": [[[[-71.06767, 42.3596], [-71.06768, 42.35976], [-71.06755, 42.35976], [-71.06755, 42.35967], [-71.06758, 42.35967], [-71.06758, 42.35961], [-71.06767, 42.3596]]]]}}, {"type": "Feature", "properties": {"street_address": "326 Lagrange Blvd", "property_value": 3535000, "last_sale_date": "2015-02-16", "is_rental": false, "is_owner_occupied": false, "is_vacant": false, "count_permits_last_six_months": 5, "count_police_calls_last_six_months": 10}, "geometry": {"type": "MultiPolygon", "coordinates": [[[[-71.06767, 42.3596], [-71.06768, 42.35976], [-71.06755, 42.35976], [-71.06755, 42.35967], [-71.06758, 42.35967], [-71.06758, 42.35961], [-71.06767, 42.3596]]]]}}, {"type": "Feature", "properties": {"street_address": "54 Napier Rd", "property_value": 3713000, "last_sale_date": "1931-06-14", "is_rental": false, "is_owner_occupied": false, "is_vacant": false, "count_permits_last_six_months": 8, "count_police_calls_last_six_months": 0}, "geometry": {"type": "MultiPolygon", "coordinates": [[[[-71.06767, 42.3596], [-71.06768, 42.35976], [-71.06755, 42.35976], [-71.06755, 42.35967], [-71.06758, 42.35967], [-71.06758, 42.35961], [-71.06767, 42.3596]]]]}}, {"type": "Feature", "properties": {"street_address": "233 Ortelius Dr", "property_value": 560000, "last_sale_date": "1970-05-11", "is_rental": true, "is_owner_occupied": false, "is_vacant": false, "count_permits_last_six_months": 6, "count_police_calls_last_six_months": 8}, "geometry": {"type": "MultiPolygon", "coordinates": [[[[-71.06767, 42.3596], [-71.06768, 42.35976], [-71.06755, 42.35976], [-71.06755, 42.35967], [-71.06758, 42.35967], [-71.06758, 42.35961], [-71.06767, 42.3596]]]]}}, {"type": "Feature", "properties": {"street_address": "423 Cassini St", "property_value": 204000, "last_sale_date": "2008-07-02", "is_rental": true, "is_owner_occupied": false, "is_vacant": false, "count_permits_last_six_months": 8, "count_police_calls_last_six_months": 5}, "geometry": {"type": "MultiPolygon", "coordinates": [[[[-71.06767, 42.3596], [-71.06768, 42.35976], [-71.06755, 42.35976], [-71.06755, 42.35967], [-71.06758, 42.35967], [-71.06758, 42.35961], [-71.06767, 42.3596]]]]}}, {"type": "Feature", "properties": {"street_address": "319 Brahe Ave", "property_value": 3298000, "last_sale_date": "2017-11-15", "is_rental": true, "is_owner_occupied": false, "is_vacant": false, "count_permits_last_six_months": 3, "count_police_calls_last_six_months": 4}, "geometry": {"type": "MultiPolygon", "coordinates": [[[[-71.06755, 42.35976], [-71.06768, 42.35976], [-71.06768, 42.35982], [-71.0675, 42.35982], [-71.0675, 42.35977], [-71.06755, 42.35977], [-71.06755, 42.35976]]]]}}, {"type": "Feature", "properties": {"street_address": "282 Halley Ln", "property_value": 736000, "last_sale_date": "1963-08-23", "is_rental": false, "is_owner_occupied": true, "is_vacant": false, "count_permits_last_six_months": 0, "count_police_calls_last_six_months": 10}, "geometry": {"type": "MultiPolygon", "coordinates": [[[[-71.06755, 42.35976], [-71.06768, 42.35976], [-71.06768, 42.35982], [-71.0675, 42.35982], [-71.0675, 42.35977], [-71.06755, 42.35977], [-71.06755, 42.35976]]]]}}, {"type": "Feature", "properties": {"street_address": "312 Eratosthenes Way", "property_value": 3473000, "last_sale_date": "1951-12-06", "is_rental": false, "is_owner_occupied": true, "is_vacant": false, "count_permits_last_six_months": 8, "count_police_calls_last_six_months": 6}, "geometry": {"type": "MultiPolygon", "coordinates": [[[[-71.06755, 42.35976], [-71.06768, 42.35976], [-71.06768, 42.35982], [-71.0675, 42.35982], [-71.0675, 42.35977], [-71.06755, 42.35977], [-71.06755, 42.35976]]]]}}, {"type": "Feature", "properties": {"street_address": "48 Hipparchus Ct", "property_value": 1120000, "last_sale_date": "1919-08-04", "is_rental": true, "is_owner_occupied": false, "is_vacant": false, "count_permits_last_six_months": 7, "count_police_calls_last_six_months": 4}, "geometry": {"type": "MultiPolygon", "coordinates": [[[[-71.06755, 42.35976], [-71.06768, 42.35976], [-71.06768, 42.35982], [-71.0675, 42.35982], [-71.0675, 42.35977], [-71.06755, 42.35977], [-71.06755, 42.35976]]]]}}, {"type": "Feature", "properties": {"street_address": "261 Strabo Rd", "property_value": 3089000, "last_sale_date": "1959-07-27", "is_rental": false, "is_owner_occupied": false, "is_vacant": true, "count_permits_last_six_months": 7, "count_police_calls_last_six_months": 8}, "geometry": {"type": "MultiPolygon", "coordinates": [[[[-71.06755, 42.35976], [-71.06768, 42.35976], [-71.06768, 42.35982], [-71.0675, 42.35982], [-71.0675, 42.35977], [-71.06755, 42.35977], [-71.06755, 42.35976]]]]}}, {"type": "Feature", "properties": {"street_address": "75 Waldseemuller Dr", "property_value": 1771000, "last_sale_date": "1938-10-17", "is_rental": true, "is_owner_occupied": false, "is_vacant": false, "count_permits_last_six_months": 1, "count_police_calls_last_six_months": 4}, "geometry": {"type": "MultiPolygon", "coordinates": [[[[-71.06755, 42.35976], [-71.06768, 42.35976], [-71.06768, 42.35982], [-71.0675, 42.35982], [-71.0675, 42.35977], [-71.06755, 42.35977], [-71.06755, 42.35976]]]]}}, {"type": "Feature", "properties": {"street_address": "396 Gerardus St", "property_value": 3435000, "last_sale_date": "1996-06-26", "is_rental": false, "is_owner_occupied": true, "is_vacant": false, "count_permits_last_six_months": 4, "count_police_calls_last_six_months": 4}, "geometry": {"type": "MultiPolygon", "coordinates": [[[[-71.06768, 42.35982], [-71.06769, 42.35989], [-71.06742, 42.35989], [-71.06742, 42.35984], [-71.06742, 42.35982], [-71.0675, 42.35982], [-71.06768, 42.35982]]]]}}, {"type": "Feature", "properties": {"street_address": "429 Cresques Ave", "property_value": 2604000, "last_sale_date": "2015-03-15", "is_rental": false, "is_owner_occupied": false, "is_vacant": false, "count_permits_last_six_months": 8, "count_police_calls_last_six_months": 8}, "geometry": {"type": "MultiPolygon", "coordinates": [[[[-71.06769, 42.35989], [-71.06769, 42.35994], [-71.06731, 42.35995], [-71.06731, 42.35994], [-71.06731, 42.35989], [-71.06742, 42.35989], [-71.06769, 42.35989]]]]}}, {"type": "Feature", "properties": {"street_address": "194 Ptolemy St", "property_value": 2065000, "last_sale_date": "1972-04-23", "is_rental": true, "is_owner_occupied": false, "is_vacant": false, "count_permits_last_six_months": 9, "count_police_calls_last_six_months": 6}, "geometry": {"type": "MultiPolygon", "coordinates": [[[[-71.06769, 42.35994], [-71.0677, 42.36], [-71.06755, 42.36], [-71.06747, 42.36], [-71.0674, 42.36], [-71.06732, 42.36], [-71.06731, 42.35995], [-71.06769, 42.35994]]]]}}, {"type": "Feature", "properties": {"street_address": "120 Euclid Ave", "property_value": 3706000, "last_sale_date": "1995-01-11", "is_rental": false, "is_owner_occupied": false, "is_vacant": false, "count_permits_last_six_months": 10, "count_police_calls_last_six_months": 10}, "geometry": {"type": "MultiPolygon", "coordinates": [[[[-71.0677, 42.36], [-71.0677, 42.36006], [-71.06755, 42.36007], [-71.06755, 42.36], [-71.0677, 42.36]]]]}}, {"type": "Feature", "properties": {"street_address": "78 Mercator Ln", "property_value": 2228000, "last_sale_date": "1899-03-17", "is_rental": false, "is_owner_occupied": true, "is_vacant": false, "count_permits_last_six_months": 7, "count_police_calls_last_six_months": 1}, "geometry": {"type": "MultiPolygon", "coordinates": [[[[-71.0677, 42.36006], [-71.06771, 42.36012], [-71.06755, 42.36012], [-71.06755, 42.36007], [-71.0677, 42.36006]]]]}}, {"type": "Feature", "properties": {"street_address": "270 Gauss Blvd", "property_value": 3929000, "last_sale_date": "2006-01-24", "is_rental": true, "is_owner_occupied": false, "is_vacant": false, "count_permits_last_six_months": 6, "count_police_calls_last_six_months": 10}, "geometry": {"type": "MultiPolygon", "coordinates": [[[[-71.0677, 42.36006], [-71.06771, 42.36012], [-71.06755, 42.36012], [-71.06755, 42.36007], [-71.0677, 42.36006]]]]}}, {"type": "Feature", "properties": {"street_address": "497 Euler Way", "property_value": 832000, "last_sale_date": "1909-08-26", "is_rental": false, "is_owner_occupied": false, "is_vacant": false, "count_permits_last_six_months": 10, "count_police_calls_last_six_months": 1}, "geometry": {"type": "MultiPolygon", "coordinates": [[[[-71.0677, 42.36006], [-71.06771, 42.36012], [-71.06755, 42.36012], [-71.06755, 42.36007], [-71.0677, 42.36006]]]]}}, {"type": "Feature", "properties": {"street_address": "437 Fibonacci Ct", "property_value": 1545000, "last_sale_date": "2026-07-11", "is_rental": false, "is_owner_occupied": true, "is_vacant": false, "count_permits_last_six_months": 9, "count_police_calls_last_six_months": 1}, "geometry": {"type": "MultiPolygon", "coordinates": [[[[-71.06771, 42.36012], [-71.06771, 42.36013], [-71.06772, 42.36027], [-71.06757, 42.36027], [-71.06756, 42.36017], [-71.06755, 42.36012], [-71.06771, 42.36012]]]]}}, {"type": "Feature", "properties": {"street_address": "121 Archimedes Rd", "property_value": 2785000, "last_sale_date": "1963-04-24", "is_rental": true, "is_owner_occupied": false, "is_vacant": false, "count_permits_last_six_months": 6, "count_police_calls_last_six_months": 1}, "geometry": {"type": "MultiPolygon", "coordinates": [[[[-71.06755, 42.36012], [-71.06756, 42.36017], [-71.06757, 42.36027], [-71.06748, 42.36027], [-71.06747, 42.36012], [-71.06748, 42.36012], [-71.06755, 42.36012]]]]}}, {"type": "Feature", "properties": {"street_address": "390 Copernicus Dr", "property_value": 2795000, "last_sale_date": "1915-08-06", "is_rental": false, "is_owner_occupied": true, "is_vacant": false, "count_permits_last_six_months": 0, "count_police_calls_last_six_months": 5}, "geometry": {"type": "MultiPolygon", "coordinates": [[[[-71.06747, 42.36], [-71.06748, 42.36012], [-71.06747, 42.36012], [-71.06748, 42.36027], [-71.06742, 42.36027], [-71.06741, 42.36011], [-71.0674, 42.36], [-71.06747, 42.36]]]]}}, {"type": "Feature", "properties": {"street_address": "408 Kepler St", "property_value": 429000, "last_sale_date": "1965-06-12", "is_rental": false, "is_owner_occupied": true, "is_vacant": false, "count_permits_last_six_months": 3, "count_police_calls_last_six_months": 8}, "geometry": {"type": "MultiPolygon", "coordinates": [[[[-71.06741, 42.36011], [-71.06742, 42.36027], [-71.06735, 42.36027], [-71.06734, 42.36011], [-71.06741, 42.36011]]]]}}, {"type": "Feature", "properties": {"street_address": "211 Descartes Ave", "property_value": 2518000, "last_sale_date": "1936-03-06", "is_rental": true, "is_owner_occupied": false, "is_vacant": false, "count_permits_last_six_months": 9, "count_police_calls_last_six_months": 6}, "geometry": {"type": "MultiPolygon", "coordinates": [[[[-71.06741, 42.36011], [-71.06742, 42.36027], [-71.06735, 42.36027], [-71.06734, 42.36011], [-71.06741, 42.36011]]]]}}, {"type": "Feature", "properties": {"street_address": "318 Riemann Ln", "property_value": 2998000, "last_sale_date": "1951-08-19", "is_rental": true, "is_owner_occupied": false, "is_vacant": false, "count_permits_last_six_months": 3, "count_police_calls_last_six_months": 7}, "geometry": {"type": "MultiPolygon", "coordinates": [[[[-71.06741, 42.36011], [-71.06742, 42.36027], [-71.06735, 42.36027], [-71.06734, 42.36011], [-71.06741, 42.36011]]]]}}, {"type": "Feature", "properties": {"street_address": "327 Bernoulli Way", "property_value": 1240000, "last_sale_date": "2007-05-22", "is_rental": true, "is_owner_occupied": false, "is_vacant": false, "count_permits_last_six_months": 7, "count_police_calls_last_six_months": 4}, "geometry": {"type": "MultiPolygon", "coordinates": [[[[-71.06734, 42.36011], [-71.06735, 42.36027], [-71.06729, 42.36027], [-71.06727, 42.36011], [-71.06734, 42.36011]]]]}}, {"type": "Feature", "properties": {"street_address": "347 Fermat Pl", "property_value": 2438000, "last_sale_date": "1930-02-15", "is_rental": false, "is_owner_occupied": false, "is_vacant": false, "count_permits_last_six_months": 4, "count_police_calls_last_six_months": 7}, "geometry": {"type": "MultiPolygon", "coordinates": [[[[-71.06732, 42.36], [-71.0674, 42.36], [-71.06741, 42.36011], [-71.06734, 42.36011], [-71.06727, 42.36011], [-71.06729, 42.36027], [-71.06713, 42.36028], [-71.06713, 42.36023], [-71.06712, 42.36014], [-71.06711, 42.36004], [-71.06711, 42.36], [-71.06732, 42.36]]]]}}, {"type": "Feature", "properties": {"street_address": "433 Lagrange Blvd", "property_value": 1437000, "last_sale_date": "1940-07-28", "is_rental": false, "is_owner_occupied": true, "is_vacant": false, "count_permits_last_six_months": 3, "count_police_calls_last_six_months": 6}, "geometry": {"type": "MultiPolygon", "coordinates": [[[[-71.06713, 42.36023], [-71.06713, 42.36028], [-71.06697, 42.36028], [-71.06696, 42.36024], [-71.06713, 42.36023]]]]}}, {"type": "Feature", "properties": {"street_address": "293 Napier Rd", "property_value": 1670000, "last_sale_date": "1965-12-10", "is_rental": true, "is_owner_occupied": false, "is_vacant": false, "count_permits_last_six_months": 10, "count_police_calls_last_six_months": 6}, "geometry": {"type": "MultiPolygon", "coordinates": [[[[-71.06712, 42.36014], [-71.06713, 42.36023], [-71.06696, 42.36024], [-71.06696, 42.36014], [-71.06712, 42.36014]]]]}}, {"type": "Feature", "properties": {"street_address": "141 Ortelius Dr", "property_value": 233000, "last_sale_date": "1902-10-24", "is_rental": false, "is_owner_occupied": false, "is_vacant": true, "count_permits_last_six_months": 9, "count_police_calls_last_six_months": 5}, "geometry": {"type": "MultiPolygon", "coordinates": [[[[-71.06712, 42.36014], [-71.06713, 42.36023], [-71.06696, 42.36024], [-71.06696, 42.36014], [-71.06712, 42.36014]]]]}}, {"type": "Feature", "properties": {"street_address": "113 Cassini St", "property_value": 2807000, "last_sale_date": "1938-10-09", "is_rental": true, "is_owner_occupied": false, "is_vacant": false, "count_permits_last_six_months": 10, "count_police_calls_last_six_months": 1}, "geometry": {"type": "MultiPolygon", "coordinates": [[[[-71.06712, 42.36014], [-71.06713, 42.36023], [-71.06696, 42.36024], [-71.06696, 42.36014], [-71.06712, 42.36014]]]]}}, {"type": "Feature", "properties": {"street_address": "463 Brahe Ave", "property_value": 2770000, "last_sale_date": "1900-05-26", "is_rental": false, "is_owner_occupied": true, "is_vacant": false, "count_permits_last_six_months": 9, "count_police_calls_last_six_months": 5}, "geometry": {"type": "MultiPolygon", "coordinates": [[[[-71.06712, 42.36014], [-71.06713, 42.36023], [-71.06696, 42.36024], [-71.06696, 42.36014], [-71.06712, 42.36014]]]]}}, {"type": "Feature", "properties": {"street_address": "375 Halley Ln", "property_value": 738000, "last_sale_date": "1913-05-11", "is_rental": false, "is_owner_occupied": true, "is_vacant": false, "count_permits_last_six_months": 3, "count_police_calls_last_six_months": 2}, "geometry": {"type": "MultiPolygon", "coordinates": [[[[-71.06712, 42.36014], [-71.06713, 42.36023], [-71.06696, 42.36024], [-71.06696, 42.36014], [-71.06712, 42.36014]]]]}}, {"type": "Feature", "properties": {"street_address": "403 Eratosthenes Way", "property_value": 2409000, "last_sale_date": "1983-09-17", "is_rental": false, "is_owner_occupied": true, "is_vacant": false, "count_permits_last_six_months": 4, "count_police_calls_last_six_months": 7}, "geometry": {"type": "MultiPolygon", "coordinates": [[[[-71.06712, 42.36014], [-71.06713, 42.36023], [-71.06696, 42.36024], [-71.06696, 42.36014], [-71.06712, 42.36014]]]]}}, {"type": "Feature", "properties": {"street_address": "496 Hipparchus Ct", "property_value": 3503000, "last_sale_date": "1965-12-28", "is_rental": false, "is_owner_occupied": true, "is_vacant": false, "count_permits_last_six_months": 7, "count_police_calls_last_six_months": 1}, "geometry": {"type": "MultiPolygon", "coordinates": [[[[-71.06712, 42.36014], [-71.06713, 42.36023], [-71.06696, 42.36024], [-71.06696, 42.36014], [-71.06712, 42.36014]]]]}}, {"type": "Feature", "properties": {"street_address": "73 Strabo Rd", "property_value": 3289000, "last_sale_date": "1947-11-24", "is_rental": false, "is_owner_occupied": false, "is_vacant": true, "count_permits_last_six_months": 6, "count_police_calls_last_six_months": 0}, "geometry": {"type": "MultiPolygon", "coordinates": [[[[-71.06712, 42.36014], [-71.06713, 42.36023], [-71.06696, 42.36024], [-71.06696, 42.36014], [-71.06712, 42.36014]]]]}}, {"type": "Feature", "properties": {"street_address": "136 Waldseemuller Dr", "property_value": 2397000, "last_sale_date": "1921-08-12", "is_rental": false, "is_owner_occupied": false, "is_vacant": false, "count_permits_last_six_months": 1, "count_police_calls_last_six_months": 10}, "geometry": {"type": "MultiPolygon", "coordinates": [[[[-71.06712, 42.36014], [-71.06713, 42.36023], [-71.06696, 42.36024], [-71.06696, 42.36014], [-71.06712, 42.36014]]]]}}, {"type": "Feature", "properties": {"street_address": "120 Gerardus St", "property_value": 2131000, "last_sale_date": "1896-10-18", "is_rental": false, "is_owner_occupied": true, "is_vacant": false, "count_permits_last_six_months": 10, "count_police_calls_last_six_months": 1}, "geometry": {"type": "MultiPolygon", "coordinates": [[[[-71.06711, 42.36004], [-71.06712, 42.36014], [-71.06696, 42.36014], [-71.06695, 42.36005], [-71.06711, 42.36004]]]]}}, {"type": "Feature", "properties": {"street_address": "326 Cresques Ave", "property_value": 3574000, "last_sale_date": "2008-12-10", "is_rental": false, "is_owner_occupied": true, "is_vacant": false, "count_permits_last_six_months": 2, "count_police_calls_last_six_months": 0}, "geometry": {"type": "MultiPolygon", "coordinates": [[[[-71.06731, 42.35994], [-71.06731, 42.35995], [-71.06732, 42.36], [-71.06711, 42.36], [-71.06694, 42.36], [-71.06694, 42.35995], [-71.06731, 42.35994]]]]}}, {"type": "Feature", "properties": {"street_address": "485 Ptolemy St", "property_value": 352000, "last_sale_date": "1967-08-04", "is_rental": true, "is_owner_occupied": false, "is_vacant": false, "count_permits_last_six_months": 3, "count_police_calls_last_six_months": 8}, "geometry": {"type": "MultiPolygon", "coordinates": [[[[-71.06731, 42.35994], [-71.06731, 42.35995], [-71.06732, 42.36], [-71.06711, 42.36], [-71.06694, 42.36], [-71.06694, 42.35995], [-71.06731, 42.35994]]]]}}, {"type": "Feature", "properties": {"street_address": "70 Euclid Ave", "property_value": 1791000, "last_sale_date": "2006-06-22", "is_rental": false, "is_owner_occupied": true, "is_vacant": false, "count_permits_last_six_months": 6, "count_police_calls_last_six_months": 10}, "geometry": {"type": "MultiPolygon", "coordinates": [[[[-71.06731, 42.35994], [-71.06731, 42.35995], [-71.06732, 42.36], [-71.06711, 42.36], [-71.06694, 42.36], [-71.06694, 42.35995], [-71.06731, 42.35994]]]]}}, {"type": "Feature", "properties": {"street_address": "51 Mercator Ln", "property_value": 3614000, "last_sale_date": "2015-10-14", "is_rental": false, "is_owner_occupied": true, "is_vacant": false, "count_permits_last_six_months": 5, "count_police_calls_last_six_months": 3}, "geometry": {"type": "MultiPolygon", "coordinates": [[[[-71.06731, 42.35994], [-71.06731, 42.35995], [-71.06732, 42.36], [-71.06711, 42.36], [-71.06694, 42.36], [-71.06694, 42.35995], [-71.06731, 42.35994]]]]}}, {"type": "Feature", "properties": {"street_address": "228 Gauss Blvd", "property_value": 2021000, "last_sale_date": "1950-06-04", "is_rental": false, "is_owner_occupied": false, "is_vacant": true, "count_permits_last_six_months": 6, "count_police_calls_last_six_months": 4}, "geometry": {"type": "MultiPolygon", "coordinates": [[[[-71.06731, 42.35994], [-71.06731, 42.35995], [-71.06732, 42.36], [-71.06711, 42.36], [-71.06694, 42.36], [-71.06694, 42.35995], [-71.06731, 42.35994]]]]}}, {"type": "Feature", "properties": {"street_address": "98 Euler Way", "property_value": 700000, "last_sale_date": "2006-02-22", "is_rental": true, "is_owner_occupied": false, "is_vacant": false, "count_permits_last_six_months": 10, "count_police_calls_last_six_months": 10}, "geometry": {"type": "MultiPolygon", "coordinates": [[[[-71.06731, 42.35994], [-71.06731, 42.35995], [-71.06732, 42.36], [-71.06711, 42.36], [-71.06694, 42.36], [-71.06694, 42.35995], [-71.06731, 42.35994]]]]}}, {"type": "Feature", "properties": {"street_address": "306 Fibonacci Ct", "property_value": 287000, "last_sale_date": "1902-06-08", "is_rental": true, "is_owner_occupied": false, "is_vacant": false, "count_permits_last_six_months": 9, "count_police_calls_last_six_months": 3}, "geometry": {"type": "MultiPolygon", "coordinates": [[[[-71.06731, 42.35994], [-71.06731, 42.35995], [-71.06732, 42.36], [-71.06711, 42.36], [-71.06694, 42.36], [-71.06694, 42.35995], [-71.06731, 42.35994]]]]}}, {"type": "Feature", "properties": {"street_address": "36 Archimedes Rd", "property_value": 3598000, "last_sale_date": "1943-10-07", "is_rental": true, "is_owner_occupied": false, "is_vacant": false, "count_permits_last_six_months": 5, "count_police_calls_last_six_months": 2}, "geometry": {"type": "MultiPolygon", "coordinates": [[[[-71.06731, 42.35994], [-71.06731, 42.35995], [-71.06732, 42.36], [-71.06711, 42.36], [-71.06694, 42.36], [-71.06694, 42.35995], [-71.06731, 42.35994]]]]}}, {"type": "Feature", "properties": {"street_address": "404 Copernicus Dr", "property_value": 3888000, "last_sale_date": "1890-05-28", "is_rental": true, "is_owner_occupied": false, "is_vacant": false, "count_permits_last_six_months": 2, "count_police_calls_last_six_months": 8}, "geometry": {"type": "MultiPolygon", "coordinates": [[[[-71.06731, 42.35994], [-71.06731, 42.35995], [-71.06732, 42.36], [-71.06711, 42.36], [-71.06694, 42.36], [-71.06694, 42.35995], [-71.06731, 42.35994]]]]}}, {"type": "Feature", "properties": {"street_address": "129 Kepler St", "property_value": 3470000, "last_sale_date": "1934-02-22", "is_rental": true, "is_owner_occupied": false, "is_vacant": false, "count_permits_last_six_months": 2, "count_police_calls_last_six_months": 0}, "geometry": {"type": "MultiPolygon", "coordinates": [[[[-71.06731, 42.35989], [-71.06731, 42.35994], [-71.06694, 42.35995], [-71.06693, 42.3599], [-71.06713, 42.35989], [-71.06726, 42.35989], [-71.06729, 42.35989], [-71.06731, 42.35989]]]]}}, {"type": "Feature", "properties": {"street_address": "184 Descartes Ave", "property_value": 3435000, "last_sale_date": "1950-10-11", "is_rental": true, "is_owner_occupied": false, "is_vacant": false, "count_permits_last_six_months": 2, "count_police_calls_last_six_months": 4}, "geometry": {"type": "MultiPolygon", "coordinates": [[[[-71.06713, 42.35985], [-71.06713, 42.35989], [-71.06693, 42.3599], [-71.06693, 42.35985], [-71.06713, 42.35985]]]]}}, {"type": "Feature", "properties": {"street_address": "27 Riemann Ln", "property_value": 719000, "last_sale_date": "1997-09-04", "is_rental": true, "is_owner_occupied": false, "is_vacant": false, "count_permits_last_six_months": 7, "count_police_calls_last_six_months": 7}, "geometry": {"type": "MultiPolygon", "coordinates": [[[[-71.06713, 42.35985], [-71.06713, 42.35989], [-71.06693, 42.3599], [-71.06693, 42.35985], [-71.06713, 42.35985]]]]}}, {"type": "Feature", "properties": {"street_address": "399 Bernoulli Way", "property_value": 1682000, "last_sale_date": "2021-10-04", "is_rental": false, "is_owner_occupied": true, "is_vacant": false, "count_permits_last_six_months": 9, "count_police_calls_last_six_months": 0}, "geometry": {"type": "MultiPolygon", "coordinates": [[[[-71.06713, 42.35985], [-71.06713, 42.35989], [-71.06693, 42.3599], [-71.06693, 42.35985], [-71.06713, 42.35985]]]]}}, {"type": "Feature", "properties": {"street_address": "373 Fermat Pl", "property_value": 3408000, "last_sale_date": "2023-05-15", "is_rental": true, "is_owner_occupied": false, "is_vacant": false, "count_permits_last_six_months": 0, "count_police_calls_last_six_months": 7}, "geometry": {"type": "MultiPolygon", "coordinates": [[[[-71.06712, 42.35981], [-71.06713, 42.35984], [-71.06713, 42.35985], [-71.06693, 42.35985], [-71.06693, 42.35981], [-71.06712, 42.35981]]]]}}, {"type": "Feature", "properties": {"street_address": "434 Lagrange Blvd", "property_value": 1845000, "last_sale_date": "1999-11-04", "is_rental": false, "is_owner_occupied": false, "is_vacant": true, "count_permits_last_six_months": 1, "count_police_calls_last_six_months": 5}, "geometry": {"type": "MultiPolygon", "coordinates": [[[[-71.06712, 42.35974], [-71.06712, 42.35975], [-71.06712, 42.3598], [-71.06712, 42.35981], [-71.06693, 42.35981], [-71.06692, 42.35976], [-71.06704, 42.35976], [-71.06704, 42.35975], [-71.06712, 42.35974]]]]}}, {"type": "Feature", "properties": {"street_address": "312 Napier Rd", "property_value": 807000, "last_sale_date": "1906-03-09", "is_rental": false, "is_owner_occupied": false, "is_vacant": false, "count_permits_last_six_months": 7, "count_police_calls_last_six_months": 8}, "geometry": {"type": "MultiPolygon", "coordinates": [[[[-71.06712, 42.35974], [-71.06712, 42.35975], [-71.06712, 42.3598], [-71.06712, 42.35981], [-71.06693, 42.35981], [-71.06692, 42.35976], [-71.06704, 42.35976], [-71.06704, 42.35975], [-71.06712, 42.35974]]]]}}, {"type": "Feature", "properties": {"street_address": "310 Ortelius Dr", "property_value": 1962000, "last_sale_date": "1915-12-04", "is_rental": true, "is_owner_occupied": false, "is_vacant": false, "count_permits_last_six_months": 6, "count_police_calls_last_six_months": 7}, "geometry": {"type": "MultiPolygon", "coordinates": [[[[-71.06712, 42.35974], [-71.06712, 42.35975], [-71.06712, 42.3598], [-71.06712, 42.35981], [-71.06693, 42.35981], [-71.06692, 42.35976], [-71.06704, 42.35976], [-71.06704, 42.35975], [-71.06712, 42.35974]]]]}}, {"type": "Feature", "properties": {"street_address": "455 Cassini St", "property_value": 1135000, "last_sale_date": "1995-06-27", "is_rental": false, "is_owner_occupied": false, "is_vacant": false, "count_permits_last_six_months": 1, "count_police_calls_last_six_months": 5}, "geometry": {"type": "MultiPolygon", "coordinates": [[[[-71.06712, 42.35974], [-71.06712, 42.35975], [-71.06712, 42.3598], [-71.06712, 42.35981], [-71.06693, 42.35981], [-71.06692, 42.35976], [-71.06704, 42.35976], [-71.06704, 42.35975], [-71.06712, 42.35974]]]]}}, {"type": "Feature", "properties": {"street_address": "219 Brahe Ave", "property_value": 1480000, "last_sale_date": "1955-06-05", "is_rental": false, "is_owner_occupied": true, "is_vacant": false, "count_permits_last_six_months": 1, "count_police_calls_last_six_months": 1}, "geometry": {"type": "MultiPolygon", "coordinates": [[[[-71.06712, 42.35974], [-71.06712, 42.35975], [-71.06712, 42.3598], [-71.06712, 42.35981], [-71.06693, 42.35981], [-71.06692, 42.35976], [-71.06704, 42.35976], [-71.06704, 42.35975], [-71.06712, 42.35974]]]]}}, {"type": "Feature", "properties": {"street_address": "48 Halley Ln", "property_value": 1968000, "last_sale_date": "1914-12-24", "is_rental": false, "is_owner_occupied": true, "is_vacant": false, "count_permits_last_six_months": 8, "count_police_calls_last_six_months": 0}, "geometry": {"type": "MultiPolygon", "coordinates": [[[[-71.06652, 42.35963], [-71.06652, 42.35974], [-71.06652, 42.35976], [-71.06653, 42.35976], [-71.06653, 42.35978], [-71.06643, 42.35978], [-71.06643, 42.35963], [-71.06652, 42.35963]]]]}}, {"type": "Feature", "properties": {"street_address": "301 Eratosthenes Way", "property_value": 2500000, "last_sale_date": "1974-11-04", "is_rental": false, "is_owner_occupied": false, "is_vacant": false, "count_permits_last_six_months": 0, "count_police_calls_last_six_months": 4}, "geometry": {"type": "MultiPolygon", "coordinates": [[[[-71.06652, 42.35963], [-71.06652, 42.35974], [-71.06652, 42.35976], [-71.06653, 42.35976], [-71.06653, 42.35978], [-71.06643, 42.35978], [-71.06643, 42.35963], [-71.06652, 42.35963]]]]}}, {"type": "Feature", "properties": {"street_address": "308 Hipparchus Ct", "property_value": 1479000, "last_sale_date": "1980-02-19", "is_rental": true, "is_owner_occupied": false, "is_vacant": false, "count_permits_last_six_months": 2, "count_police_calls_last_six_months": 10}, "geometry": {"type": "MultiPolygon", "coordinates": [[[[-71.06652, 42.35963], [-71.06652, 42.35974], [-71.06652, 42.35976], [-71.06653, 42.35976], [-71.06653, 42.35978], [-71.06643, 42.35978], [-71.06643, 42.35963], [-71.06652, 42.35963]]]]}}, {"type": "Feature", "properties": {"street_address": "247 Strabo Rd", "property_value": 1118000, "last_sale_date": "1917-06-28", "is_rental": false, "is_owner_occupied": true, "is_vacant": false, "count_permits_last_six_months": 4, "count_police_calls_last_six_months": 9}, "geometry": {"type": "MultiPolygon", "coordinates": [[[[-71.06652, 42.35963], [-71.06652, 42.35974], [-71.06652, 42.35976], [-71.06653, 42.35976], [-71.06653, 42.35978], [-71.06643, 42.35978], [-71.06643, 42.35963], [-71.06652, 42.35963]]]]}}, {"type": "Feature", "properties": {"street_address": "116 Waldseemuller Dr", "property_value": 3506000, "last_sale_date": "1999-09-25", "is_rental": true, "is_owner_occupied": false, "is_vacant": false, "count_permits_last_six_months": 9, "count_police_calls_last_six_months": 10}, "geometry": {"type": "MultiPolygon", "coordinates": [[[[-71.06652, 42.35963], [-71.06652, 42.35974], [-71.06652, 42.35976], [-71.06653, 42.35976], [-71.06653, 42.35978], [-71.06643, 42.35978], [-71.06643, 42.35963], [-71.06652, 42.35963]]]]}}, {"type": "Feature", "properties": {"street_address": "425 Gerardus St", "property_value": 3040000, "last_sale_date": "1958-01-06", "is_rental": false, "is_owner_occupied": false, "is_vacant": false, "count_permits_last_six_months": 5, "count_police_calls_last_six_months": 0}, "geometry": {"type": "MultiPolygon", "coordinates": [[[[-71.06652, 42.35963], [-71.06652, 42.35974], [-71.06652, 42.35976], [-71.06653, 42.35976], [-71.06653, 42.35978], [-71.06643, 42.35978], [-71.06643, 42.35963], [-71.06652, 42.35963]]]]}}, {"type": "Feature", "properties": {"street_address": "93 Cresques Ave", "property_value": 3762000, "last_sale_date": "1926-10-22", "is_rental": false, "is_owner_occupied": true, "is_vacant": false, "count_permits_last_six_months": 2, "count_police_calls_last_six_months": 10}, "geometry": {"type": "MultiPolygon", "coordinates": [[[[-71.06652, 42.35963], [-71.06652, 42.35974], [-71.06652, 42.35976], [-71.06653, 42.35976], [-71.06653, 42.35978], [-71.06643, 42.35978], [-71.06643, 42.35963], [-71.06652, 42.35963]]]]}}, {"type": "Feature", "properties": {"street_address": "498 Ptolemy St", "property_value": 325000, "last_sale_date": "1913-12-17", "is_rental": true, "is_owner_occupied": false, "is_vacant": false, "count_permits_last_six_months": 6, "count_police_calls_last_six_months": 6}, "geometry": {"type": "MultiPolygon", "coordinates": [[[[-71.06652, 42.35963], [-71.06652, 42.35974], [-71.06652, 42.35976], [-71.06653, 42.35976], [-71.06653, 42.35978], [-71.06643, 42.35978], [-71.06643, 42.35963], [-71.06652, 42.35963]]]]}}, {"type": "Feature", "properties": {"street_address": "233 Euclid Ave", "property_value": 1596000, "last_sale_date": "1930-06-10", "is_rental": false, "is_owner_occupied": true, "is_vacant": false, "count_permits_last_six_months": 0, "count_police_calls_last_six_months": 2}, "geometry": {"type": "MultiPolygon", "coordinates": [[[[-71.06659, 42.35963], [-71.06659, 42.35978], [-71.06653, 42.35978], [-71.06653, 42.35976], [-71.06652, 42.35976], [-71.06652, 42.35974], [-71.06652, 42.35963], [-71.06659, 42.35963]]]]}}, {"type": "Feature", "properties": {"street_address": "81 Mercator Ln", "property_value": 3290000, "last_sale_date": "1902-11-03", "is_rental": false, "is_owner_occupied": false, "is_vacant": false, "count_permits_last_six_months": 7, "count_police_calls_last_six_months": 9}, "geometry": {"type": "MultiPolygon", "coordinates": [[[[-71.06659, 42.35963], [-71.06659, 42.35978], [-71.06653, 42.35978], [-71.06653, 42.35976], [-71.06652, 42.35976], [-71.06652, 42.35974], [-71.06652, 42.35963], [-71.06659, 42.35963]]]]}}, {"type": "Feature", "properties": {"street_address": "227 Gauss Blvd", "property_value": 1896000, "last_sale_date": "1959-04-25", "is_rental": true, "is_owner_occupied": false, "is_vacant": false, "count_permits_last_six_months": 5, "count_police_calls_last_six_months": 6}, "geometry": {"type": "MultiPolygon", "coordinates": [[[[-71.06659, 42.35963], [-71.06659, 42.35978], [-71.06653, 42.35978], [-71.06653, 42.35976], [-71.06652, 42.35976], [-71.06652, 42.35974], [-71.06652, 42.35963], [-71.06659, 42.35963]]]]}}, {"type": "Feature", "properties": {"street_address": "57 Euler Way", "property_value": 1360000, "last_sale_date": "2014-09-22", "is_rental": false, "is_owner_occupied": true, "is_vacant": false, "count_permits_last_six_months": 3, "count_police_calls_last_six_months": 6}, "geometry": {"type": "MultiPolygon", "coordinates": [[[[-71.06659, 42.35963], [-71.06659, 42.35978], [-71.06653, 42.35978], [-71.06653, 42.35976], [-71.06652, 42.35976], [-71.06652, 42.35974], [-71.06652, 42.35963], [-71.06659, 42.35963]]]]}}, {"type": "Feature", "properties": {"street_address": "307 Fibonacci Ct", "property_value": 424000, "last_sale_date": "1891-04-10", "is_rental": true, "is_owner_occupied": false, "is_vacant": false, "count_permits_last_six_months": 2, "count_police_calls_last_six_months": 4}, "geometry": {"type": "MultiPolygon", "coordinates": [[[[-71.06659, 42.35963], [-71.06659, 42.35978], [-71.06653, 42.35978], [-71.06653, 42.35976], [-71.06652, 42.35976], [-71.06652, 42.35974], [-71.06652, 42.35963], [-71.06659, 42.35963]]]]}}, {"type": "Feature", "properties": {"street_address": "149 Archimedes Rd", "property_value": 1543000, "last_sale_date": "1920-01-16", "is_rental": false, "is_owner_occupied": true, "is_vacant": false, "count_permits_last_six_months": 2, "count_police_calls_last_six_months": 6}, "geometry": {"type": "MultiPolygon", "coordinates": [[[[-71.06666, 42.35963], [-71.06666, 42.35976], [-71.06666, 42.35977], [-71.06661, 42.35978], [-71.06659, 42.35978], [-71.06659, 42.35963], [-71.06666, 42.35963]]]]}}, {"type": "Feature", "properties": {"street_address": "273 Copernicus Dr", "property_value": 3082000, "last_sale_date": "1948-09-18", "is_rental": false, "is_owner_occupied": true, "is_vacant": false, "count_permits_last_six_months": 6, "count_police_calls_last_six_months": 0}, "geometry": {"type": "MultiPolygon", "coordinates": [[[[-71.06678, 42.35962], [-71.06679, 42.35976], [-71.06666, 42.35976], [-71.06666, 42.35963], [-71.06678, 42.35962]]]]}}, {"type": "Feature", "properties": {"street_address": "224 Kepler St", "property_value": 276000, "last_sale_date": "2007-02-28", "is_rental": false, "is_owner_occupied": false, "is_vacant": false, "count_permits_last_six_months": 10, "count_police_calls_last_six_months": 6}, "geometry": {"type": "MultiPolygon", "coordinates": [[[[-71.06679, 42.35976], [-71.0668, 42.35983], [-71.06662, 42.35984], [-71.06661, 42.35978], [-71.06666, 42.35977], [-71.06666, 42.35976], [-71.06679, 42.35976]]]]}}, {"type": "Feature", "properties": {"street_address": "149 Descartes Ave", "property_value": 671000, "last_sale_date": "1993-01-11", "is_rental": true, "is_owner_occupied": false, "is_vacant": false, "count_permits_last_six_months": 9, "count_police_calls_last_six_months": 7}, "geometry": {"type": "MultiPolygon", "coordinates": [[[[-71.0668, 42.35983], [-71.0668, 42.3599], [-71.06662, 42.3599], [-71.06661, 42.3599], [-71.06662, 42.35984], [-71.0668, 42.35983]]]]}}, {"type": "Feature", "properties": {"street_address": "426 Riemann Ln", "property_value": 3024000, "last_sale_date": "1982-02-14", "is_rental": true, "is_owner_occupied": false, "is_vacant": false, "count_permits_last_six_months": 3, "count_police_calls_last_six_months": 6}, "geometry": {"type": "MultiPolygon", "coordinates": [[[[-71.0668, 42.3599], [-71.06681, 42.35994], [-71.06662, 42.35995], [-71.06662, 42.3599], [-71.0668, 42.3599]]]]}}, {"type": "Feature", "properties": {"street_address": "302 Bernoulli Way", "property_value": 1840000, "last_sale_date": "2024-02-13", "is_rental": false, "is_owner_occupied": false, "is_vacant": true, "count_permits_last_six_months": 5, "count_police_calls_last_six_months": 2}, "geometry": {"type": "MultiPolygon", "coordinates": [[[[-71.06681, 42.35994], [-71.06681, 42.36], [-71.06666, 42.36001], [-71.06662, 42.36001], [-71.06662, 42.35995], [-71.06681, 42.35994]]]]}}, {"type": "Feature", "properties": {"street_address": "40 Fermat Pl", "property_value": 2290000, "last_sale_date": "1919-09-17", "is_rental": true, "is_owner_occupied": false, "is_vacant": false, "count_permits_last_six_months": 5, "count_police_calls_last_six_months": 5}, "geometry": {"type": "MultiPolygon", "coordinates": [[[[-71.06681, 42.36], [-71.06682, 42.36012], [-71.06668, 42.36013], [-71.06666, 42.36001], [-71.06681, 42.36]]]]}}, {"type": "Feature", "properties": {"street_address": "373 Lagrange Blvd", "property_value": 3554000, "last_sale_date": "1927-04-04", "is_rental": true, "is_owner_occupied": false, "is_vacant": false, "count_permits_last_six_months": 4, "count_police_calls_last_six_months": 3}, "geometry": {"type": "MultiPolygon", "coordinates": [[[[-71.06681, 42.36], [-71.06682, 42.36012], [-71.06668, 42.36013], [-71.06666, 42.36001], [-71.06681, 42.36]]]]}}, {"type": "Feature", "properties": {"street_address": "89 Napier Rd", "property_value": 2667000, "last_sale_date": "1929-11-03", "is_rental": true, "is_owner_occupied": false, "is_vacant": false, "count_permits_last_six_months": 10, "count_police_calls_last_six_months": 7}, "geometry": {"type": "MultiPolygon", "coordinates": [[[[-71.06681, 42.36], [-71.06682, 42.36012], [-71.06668, 42.36013], [-71.06666, 42.36001], [-71.06681, 42.36]]]]}}, {"type": "Feature", "properties": {"street_address": "238 Ortelius Dr", "property_value": 3290000, "last_sale_date": "2004-11-19", "is_rental": false, "is_owner_occupied": false, "is_vacant": true, "count_permits_last_six_months": 7, "count_police_calls_last_six_months": 1}, "geometry": {"type": "MultiPolygon", "coordinates": [[[[-71.06681, 42.36], [-71.06682, 42.36012], [-71.06668, 42.36013], [-71.06666, 42.36001], [-71.06681, 42.36]]]]}}, {"type": "Feature", "properties": {"street_address": "241 Cassini St", "property_value": 2011000, "last_sale_date": "1967-05-19", "is_rental": true, "is_owner_occupied": false, "is_vacant": false, "count_permits_last_six_months": 5, "count_police_calls_last_six_months": 8}, "geometry": {"type": "MultiPolygon", "coordinates": [[[[-71.06681, 42.36], [-71.06682, 42.36012], [-71.06668, 42.36013], [-71.06666, 42.36001], [-71.06681, 42.36]]]]}}, {"type": "Feature", "properties": {"street_address": "38 Brahe Ave", "property_value": 1471000, "last_sale_date": "2008-08-02", "is_rental": true, "is_owner_occupied": false, "is_vacant": false, "count_permits_last_six_months": 5, "count_police_calls_last_six_months": 4}, "geometry": {"type": "MultiPolygon", "coordinates": [[[[-71.06681, 42.36], [-71.06682, 42.36012], [-71.06668, 42.36013], [-71.06666, 42.36001], [-71.06681, 42.36]]]]}}, {"type": "Feature", "properties": {"street_address": "40 Halley Ln", "property_value": 2840000, "last_sale_date": "1913-10-20", "is_rental": false, "is_owner_occupied": false, "is_vacant": true, "count_permits_last_six_months": 7, "count_police_calls_last_six_months": 9}, "geometry": {"type": "MultiPolygon", "coordinates": [[[[-71.06681, 42.36], [-71.06682, 42.36012], [-71.06668, 42.36013], [-71.06666, 42.36001], [-71.06681, 42.36]]]]}}, {"type": "Feature", "properties": {"street_address": "334 Eratosthenes Way", "property_value": 971000, "last_sale_date": "1972-10-16", "is_rental": true, "is_owner_occupied": false, "is_vacant": false, "count_permits_last_six_months": 0, "count_police_calls_last_six_months": 7}, "geometry": {"type": "MultiPolygon", "coordinates": [[[[-71.06682, 42.36012], [-71.06683, 42.36017], [-71.06668, 42.36018], [-71.06667, 42.36014], [-71.06668, 42.36014], [-71.06668, 42.36013], [-71.06682, 42.36012]]]]}}, {"type": "Feature", "properties": {"street_address": "53 Hipparchus Ct", "property_value": 3521000, "last_sale_date": "1977-12-03", "is_rental": true, "is_owner_occupied": false, "is_vacant": false, "count_permits_last_six_months": 0, "count_police_calls_last_six_months": 3}, "geometry": {"type": "MultiPolygon", "coordinates": [[[[-71.06683, 42.36022], [-71.06684, 42.36028], [-71.06669, 42.36029], [-71.06668, 42.36023], [-71.06683, 42.36022]]]]}}, {"type": "Feature", "properties": {"street_address": "363 Strabo Rd", "property_value": 1993000, "last_sale_date": "2002-09-17", "is_rental": true, "is_owner_occupied": false, "is_vacant": false, "count_permits_last_six_months": 5, "count_police_calls_last_six_months": 5}, "geometry": {"type": "MultiPolygon", "coordinates": [[[[-71.06683, 42.36022], [-71.06684, 42.36028], [-71.06669, 42.36029], [-71.06668, 42.36023], [-71.06683, 42.36022]]]]}}, {"type": "Feature", "properties": {"street_address": "470 Waldseemuller Dr", "property_value": 1358000, "last_sale_date": "1989-07-25", "is_rental": false, "is_owner_occupied": true, "is_vacant": false, "count_permits_last_six_months": 10, "count_police_calls_last_six_months": 10}, "geometry": {"type": "MultiPolygon", "coordinates": [[[[-71.06683, 42.36022], [-71.06684, 42.36028], [-71.06669, 42.36029], [-71.06668, 42.36023], [-71.06683, 42.36022]]]]}}, {"type": "Feature", "properties": {"street_address": "172 Gerardus St", "property_value": 469000, "last_sale_date": "1974-02-18", "is_rental": false, "is_owner_occupied": false, "is_vacant": false, "count_permits_last_six_months": 10, "count_police_calls_last_six_months": 9}, "geometry": {"type": "MultiPolygon", "coordinates": [[[[-71.06667, 42.36014], [-71.06668, 42.36018], [-71.06668, 42.36023], [-71.06669, 42.36029], [-71.06654, 42.36029], [-71.06653, 42.36016], [-71.06653, 42.36015], [-71.06667, 42.36014]]]]}}, {"type": "Feature", "properties": {"street_address": "448 Cresques Ave", "property_value": 815000, "last_sale_date": "1975-02-19", "is_rental": true, "is_owner_occupied": false, "is_vacant": false, "count_permits_last_six_months": 5, "count_police_calls_last_six_months": 4}, "geometry": {"type": "MultiPolygon", "coordinates": [[[[-71.06667, 42.36014], [-71.06668, 42.36018], [-71.06668, 42.36023], [-71.06669, 42.36029], [-71.06654, 42.36029], [-71.06653, 42.36016], [-71.06653, 42.36015], [-71.06667, 42.36014]]]]}}, {"type": "Feature", "properties": {"street_address": "496 Ptolemy St", "property_value": 2887000, "last_sale_date": "1990-03-20", "is_rental": true, "is_owner_occupied": false, "is_vacant": false, "count_permits_last_six_months": 4, "count_police_calls_last_six_months": 8}, "geometry": {"type": "MultiPolygon", "coordinates": [[[[-71.06667, 42.36014], [-71.06668, 42.36018], [-71.06668, 42.36023], [-71.06669, 42.36029], [-71.06654, 42.36029], [-71.06653, 42.36016], [-71.06653, 42.36015], [-71.06667, 42.36014]]]]}}, {"type": "Feature", "properties": {"street_address": "193 Euclid Ave", "property_value": 2835000, "last_sale_date": "1974-03-22", "is_rental": true, "is_owner_occupied": false, "is_vacant": false, "count_permits_last_six_months": 10, "count_police_calls_last_six_months": 10}, "geometry": {"type": "MultiPolygon", "coordinates": [[[[-71.06667, 42.36014], [-71.06668, 42.36018], [-71.06668, 42.36023], [-71.06669, 42.36029], [-71.06654, 42.36029], [-71.06653, 42.36016], [-71.06653, 42.36015], [-71.06667, 42.36014]]]]}}, {"type": "Feature", "properties": {"street_address": "217 Mercator Ln", "property_value": 2282000, "last_sale_date": "1982-01-12", "is_rental": false, "is_owner_occupied": true, "is_vacant": false, "count_permits_last_six_months": 3, "count_police_calls_last_six_months": 5}, "geometry": {"type": "MultiPolygon", "coordinates": [[[[-71.06667, 42.36014], [-71.06668, 42.36018], [-71.06668, 42.36023], [-71.06669, 42.36029], [-71.06654, 42.36029], [-71.06653, 42.36016], [-71.06653, 42.36015], [-71.06667, 42.36014]]]]}}, {"type": "Feature", "properties": {"street_address": "486 Gauss Blvd", "property_value": 3338000, "last_sale_date": "2014-04-08", "is_rental": true, "is_owner_occupied": false, "is_vacant": false, "count_permits_last_six_months": 2, "count_police_calls_last_six_months": 1}, "geometry": {"type": "MultiPolygon", "coordinates": [[[[-71.06667, 42.36014], [-71.06668, 42.36018], [-71.06668, 42.36023], [-71.06669, 42.36029], [-71.06654, 42.36029], [-71.06653, 42.36016], [-71.06653, 42.36015], [-71.06667, 42.36014]]]]}}, {"type": "Feature", "properties": {"street_address": "152 Euler Way", "property_value": 3658000, "last_sale_date": "1915-09-25", "is_rental": true, "is_owner_occupied": false, "is_vacant": false, "count_permits_last_six_months": 10, "count_police_calls_last_six_months": 5}, "geometry": {"type": "MultiPolygon", "coordinates": [[[[-71.06667, 42.36014], [-71.06668, 42.36018], [-71.06668, 42.36023], [-71.06669, 42.36029], [-71.06654, 42.36029], [-71.06653, 42.36016], [-71.06653, 42.36015], [-71.06667, 42.36014]]]]}}, {"type": "Feature", "properties": {"street_address": "449 Fibonacci Ct", "property_value": 3338000, "last_sale_date": "1923-10-13", "is_rental": true, "is_owner_occupied": false, "is_vacant": false, "count_permits_last_six_months": 2, "count_police_calls_last_six_months": 2}, "geometry": {"type": "MultiPolygon", "coordinates": [[[[-71.06653, 42.36016], [-71.06654, 42.36029], [-71.06644, 42.3603], [-71.06644, 42.36017], [-71.06653, 42.36016]]]]}}, {"type": "Feature", "properties": {"street_address": "426 Archimedes Rd", "property_value": 3037000, "last_sale_date": "1932-12-15", "is_rental": true, "is_owner_occupied": false, "is_vacant": false, "count_permits_last_six_months": 6, "count_police_calls_last_six_months": 5}, "geometry": {"type": "MultiPolygon", "coordinates": [[[[-71.06653, 42.36016], [-71.06654, 42.36029], [-71.06644, 42.3603], [-71.06644, 42.36017], [-71.06653, 42.36016]]]]}}, {"type": "Feature", "properties": {"street_address": "347 Copernicus Dr", "property_value": 3147000, "last_sale_date": "1950-08-20", "is_rental": false, "is_owner_occupied": false, "is_vacant": true, "count_permits_last_six_months": 8, "count_police_calls_last_six_months": 3}, "geometry": {"type": "MultiPolygon", "coordinates": [[[[-71.06653, 42.36016], [-71.06654, 42.36029], [-71.06644, 42.3603], [-71.06644, 42.36017], [-71.06653, 42.36016]]]]}}, {"type": "Feature", "properties": {"street_address": "159 Kepler St", "property_value": 3512000, "last_sale_date": "2010-04-12", "is_rental": false, "is_owner_occupied": false, "is_vacant": false, "count_permits_last_six_months": 6, "count_police_calls_last_six_months": 8}, "geometry": {"type": "MultiPolygon", "coordinates": [[[[-71.06653, 42.36016], [-71.06654, 42.36029], [-71.06644, 42.3603], [-71.06644, 42.36017], [-71.06653, 42.36016]]]]}}, {"type": "Feature", "properties": {"street_address": "271 Descartes Ave", "property_value": 1914000, "last_sale_date": "1931-04-26", "is_rental": true, "is_owner_occupied": false, "is_vacant": false, "count_permits_last_six_months": 4, "count_police_calls_last_six_months": 0}, "geometry": {"type": "MultiPolygon", "coordinates": [[[[-71.06653, 42.36016], [-71.06654, 42.36029], [-71.06644, 42.3603], [-71.06644, 42.36017], [-71.06653, 42.36016]]]]}}, {"type": "Feature", "properties": {"street_address": "329 Riemann Ln", "property_value": 2168000, "last_sale_date": "1985-09-04", "is_rental": true, "is_owner_occupied": false, "is_vacant": false, "count_permits_last_six_months": 4, "count_police_calls_last_six_months": 1}, "geometry": {"type": "MultiPolygon", "coordinates": [[[[-71.06666, 42.36001], [-71.06668, 42.36013], [-71.06668, 42.36014], [-71.06667, 42.36014], [-71.06653, 42.36015], [-71.06653, 42.36016], [-71.06644, 42.36017], [-71.06643, 42.36002], [-71.06662, 42.36001], [-71.06666, 42.36001]]]]}}, {"type": "Feature", "properties": {"street_address": "391 Bernoulli Way", "property_value": 856000, "last_sale_date": "1959-08-17", "is_rental": true, "is_owner_occupied": false, "is_vacant": false, "count_permits_last_six_months": 6, "count_police_calls_last_six_months": 1}, "geometry": {"type": "MultiPolygon", "coordinates": [[[[-71.06666, 42.36001], [-71.06668, 42.36013], [-71.06668, 42.36014], [-71.06667, 42.36014], [-71.06653, 42.36015], [-71.06653, 42.36016], [-71.06644, 42.36017], [-71.06643, 42.36002], [-71.06662, 42.36001], [-71.06666, 42.36001]]]]}}, {"type": "Feature", "properties": {"street_address": "485 Fermat Pl", "property_value": 3929000, "last_sale_date": "1946-08-12", "is_rental": true, "is_owner_occupied": false, "is_vacant": false, "count_permits_last_six_months": 6, "count_police_calls_last_six_months": 0}, "geometry": {"type": "MultiPolygon", "coordinates": [[[[-71.06666, 42.36001], [-71.06668, 42.36013], [-71.06668, 42.36014], [-71.06667, 42.36014], [-71.06653, 42.36015], [-71.06653, 42.36016], [-71.06644, 42.36017], [-71.06643, 42.36002], [-71.06662, 42.36001], [-71.06666, 42.36001]]]]}}, {"type": "Feature", "properties": {"street_address": "203 Lagrange Blvd", "property_value": 2256000, "last_sale_date": "1985-04-13", "is_rental": true, "is_owner_occupied": false, "is_vacant": false, "count_permits_last_six_months": 5, "count_police_calls_last_six_months": 3}, "geometry": {"type": "MultiPolygon", "coordinates": [[[[-71.06666, 42.36001], [-71.06668, 42.36013], [-71.06668, 42.36014], [-71.06667, 42.36014], [-71.06653, 42.36015], [-71.06653, 42.36016], [-71.06644, 42.36017], [-71.06643, 42.36002], [-71.06662, 42.36001], [-71.06666, 42.36001]]]]}}, {"type": "Feature", "properties": {"street_address": "15 Napier Rd", "property_value": 1505000, "last_sale_date": "1915-12-21", "is_rental": false, "is_owner_occupied": true, "is_vacant": false, "count_permits_last_six_months": 2, "count_police_calls_last_six_months": 0}, "geometry": {"type": "MultiPolygon", "coordinates": [[[[-71.06666, 42.36001], [-71.06668, 42.36013], [-71.06668, 42.36014], [-71.06667, 42.36014], [-71.06653, 42.36015], [-71.06653, 42.36016], [-71.06644, 42.36017], [-71.06643, 42.36002], [-71.06662, 42.36001], [-71.06666, 42.36001]]]]}}, {"type": "Feature", "properties": {"street_address": "147 Ortelius Dr", "property_value": 3957000, "last_sale_date": "2010-12-27", "is_rental": true, "is_owner_occupied": false, "is_vacant": false, "count_permits_last_six_months": 7, "count_police_calls_last_six_months": 7}, "geometry": {"type": "MultiPolygon", "coordinates": [[[[-71.06666, 42.36001], [-71.06668, 42.36013], [-71.06668, 42.36014], [-71.06667, 42.36014], [-71.06653, 42.36015], [-71.06653, 42.36016], [-71.06644, 42.36017], [-71.06643, 42.36002], [-71.06662, 42.36001], [-71.06666, 42.36001]]]]}}, {"type": "Feature", "properties": {"street_address": "316 Cassini St", "property_value": 221000, "last_sale_date": "1910-01-09", "is_rental": true, "is_owner_occupied": false, "is_vacant": false, "count_permits_last_six_months": 2, "count_police_calls_last_six_months": 8}, "geometry": {"type": "MultiPolygon", "coordinates": [[[[-71.06666, 42.36001], [-71.06668, 42.36013], [-71.06668, 42.36014], [-71.06667, 42.36014], [-71.06653, 42.36015], [-71.06653, 42.36016], [-71.06644, 42.36017], [-71.06643, 42.36002], [-71.06662, 42.36001], [-71.06666, 42.36001]]]]}}, {"type": "Feature", "properties": {"street_address": "482 Brahe Ave", "property_value": 3178000, "last_sale_date": "2025-07-04", "is_rental": false, "is_owner_occupied": true, "is_vacant": false, "count_permits_last_six_months": 4, "count_police_calls_last_six_months": 1}, "geometry": {"type": "MultiPolygon", "coordinates": [[[[-71.06666, 42.36001], [-71.06668, 42.36013], [-71.06668, 42.36014], [-71.06667, 42.36014], [-71.06653, 42.36015], [-71.06653, 42.36016], [-71.06644, 42.36017], [-71.06643, 42.36002], [-71.06662, 42.36001], [-71.06666, 42.36001]]]]}}, {"type": "Feature", "properties": {"street_address": "25 Halley Ln", "property_value": 1176000, "last_sale_date": "1997-11-26", "is_rental": false, "is_owner_occupied": true, "is_vacant": false, "count_permits_last_six_months": 1, "count_police_calls_last_six_months": 7}, "geometry": {"type": "MultiPolygon", "coordinates": [[[[-71.06666, 42.36001], [-71.06668, 42.36013], [-71.06668, 42.36014], [-71.06667, 42.36014], [-71.06653, 42.36015], [-71.06653, 42.36016], [-71.06644, 42.36017], [-71.06643, 42.36002], [-71.06662, 42.36001], [-71.06666, 42.36001]]]]}}, {"type": "Feature", "properties": {"street_address": "306 Eratosthenes Way", "property_value": 2395000, "last_sale_date": "1894-11-17", "is_rental": true, "is_owner_occupied": false, "is_vacant": false, "count_permits_last_six_months": 2, "count_police_calls_last_six_months": 4}, "geometry": {"type": "MultiPolygon", "coordinates": [[[[-71.06666, 42.36001], [-71.06668, 42.36013], [-71.06668, 42.36014], [-71.06667, 42.36014], [-71.06653, 42.36015], [-71.06653, 42.36016], [-71.06644, 42.36017], [-71.06643, 42.36002], [-71.06662, 42.36001], [-71.06666, 42.36001]]]]}}, {"type": "Feature", "properties": {"street_address": "220 Hipparchus Ct", "property_value": 206000, "last_sale_date": "1980-04-19", "is_rental": false, "is_owner_occupied": true, "is_vacant": false, "count_permits_last_six_months": 10, "count_police_calls_last_six_months": 10}, "geometry": {"type": "MultiPolygon", "coordinates": [[[[-71.06666, 42.36001], [-71.06668, 42.36013], [-71.06668, 42.36014], [-71.06667, 42.36014], [-71.06653, 42.36015], [-71.06653, 42.36016], [-71.06644, 42.36017], [-71.06643, 42.36002], [-71.06662, 42.36001], [-71.06666, 42.36001]]]]}}, {"type": "Feature", "properties": {"street_address": "44 Strabo Rd", "property_value": 2344000, "last_sale_date": "1982-02-17", "is_rental": true, "is_owner_occupied": false, "is_vacant": false, "count_permits_last_six_months": 6, "count_police_calls_last_six_months": 7}, "geometry": {"type": "MultiPolygon", "coordinates": [[[[-71.06666, 42.36001], [-71.06668, 42.36013], [-71.06668, 42.36014], [-71.06667, 42.36014], [-71.06653, 42.36015], [-71.06653, 42.36016], [-71.06644, 42.36017], [-71.06643, 42.36002], [-71.06662, 42.36001], [-71.06666, 42.36001]]]]}}, {"type": "Feature", "properties": {"street_address": "23 Waldseemuller Dr", "property_value": 2803000, "last_sale_date": "1989-06-09", "is_rental": true, "is_owner_occupied": false, "is_vacant": false, "count_permits_last_six_months": 5, "count_police_calls_last_six_months": 1}, "geometry": {"type": "MultiPolygon", "coordinates": [[[[-71.06666, 42.36001], [-71.06668, 42.36013], [-71.06668, 42.36014], [-71.06667, 42.36014], [-71.06653, 42.36015], [-71.06653, 42.36016], [-71.06644, 42.36017], [-71.06643, 42.36002], [-71.06662, 42.36001], [-71.06666, 42.36001]]]]}}, {"type": "Feature", "properties": {"street_address": "177 Gerardus St", "property_value": 1187000, "last_sale_date": "1916-10-24", "is_rental": false, "is_owner_occupied": true, "is_vacant": false, "count_permits_last_six_months": 0, "count_police_calls_last_six_months": 5}, "geometry": {"type": "MultiPolygon", "coordinates": [[[[-71.06666, 42.36001], [-71.06668, 42.36013], [-71.06668, 42.36014], [-71.06667, 42.36014], [-71.06653, 42.36015], [-71.06653, 42.36016], [-71.06644, 42.36017], [-71.06643, 42.36002], [-71.06662, 42.36001], [-71.06666, 42.36001]]]]}}, {"type": "Feature", "properties": {"street_address": "280 Cresques Ave", "property_value": 1586000, "last_sale_date": "1934-11-15", "is_rental": false, "is_owner_occupied": true, "is_vacant": false, "count_permits_last_six_months": 2, "count_police_calls_last_six_months": 1}, "geometry": {"type": "MultiPolygon", "coordinates": [[[[-71.06666, 42.36001], [-71.06668, 42.36013], [-71.06668, 42.36014], [-71.06667, 42.36014], [-71.06653, 42.36015], [-71.06653, 42.36016], [-71.06644, 42.36017], [-71.06643, 42.36002], [-71.06662, 42.36001], [-71.06666, 42.36001]]]]}}, {"type": "Feature", "properties": {"street_address": "367 Ptolemy St", "property_value": 3379000, "last_sale_date": "2007-01-10", "is_rental": true, "is_owner_occupied": false, "is_vacant": false, "count_permits_last_six_months": 0, "count_police_calls_last_six_months": 3}, "geometry": {"type": "MultiPolygon", "coordinates": [[[[-71.06666, 42.36001], [-71.06668, 42.36013], [-71.06668, 42.36014], [-71.06667, 42.36014], [-71.06653, 42.36015], [-71.06653, 42.36016], [-71.06644, 42.36017], [-71.06643, 42.36002], [-71.06662, 42.36001], [-71.06666, 42.36001]]]]}}, {"type": "Feature", "properties": {"street_address": "454 Euclid Ave", "property_value": 371000, "last_sale_date": "1970-05-17", "is_rental": false, "is_owner_occupied": false, "is_vacant": false, "count_permits_last_six_months": 0, "count_police_calls_last_six_months": 10}, "geometry": {"type": "MultiPolygon", "coordinates": [[[[-71.06666, 42.36001], [-71.06668, 42.36013], [-71.06668, 42.36014], [-71.06667, 42.36014], [-71.06653, 42.36015], [-71.06653, 42.36016], [-71.06644, 42.36017], [-71.06643, 42.36002], [-71.06662, 42.36001], [-71.06666, 42.36001]]]]}}, {"type": "Feature", "properties": {"street_address": "98 Mercator Ln", "property_value": 1371000, "last_sale_date": "1981-01-28", "is_rental": false, "is_owner_occupied": false, "is_vacant": true, "count_permits_last_six_months": 5, "count_police_calls_last_six_months": 6}, "geometry": {"type": "MultiPolygon", "coordinates": [[[[-71.06662, 42.35995], [-71.06662, 42.36001], [-71.06643, 42.36002], [-71.06643, 42.35996], [-71.06662, 42.35995]]]]}}, {"type": "Feature", "properties": {"street_address": "456 Gauss Blvd", "property_value": 1838000, "last_sale_date": "2002-07-11", "is_rental": true, "is_owner_occupied": false, "is_vacant": false, "count_permits_last_six_months": 7, "count_police_calls_last_six_months": 7}, "geometry": {"type": "MultiPolygon", "coordinates": [[[[-71.06662, 42.3599], [-71.06662, 42.35995], [-71.06643, 42.35996], [-71.06643, 42.3599], [-71.06661, 42.3599], [-71.06662, 42.3599]]]]}}, {"type": "Feature", "properties": {"street_address": "189 Euler Way", "property_value": 3985000, "last_sale_date": "2022-05-26", "is_rental": true, "is_owner_occupied": false, "is_vacant": false, "count_permits_last_six_months": 6, "count_police_calls_last_six_months": 1}, "geometry": {"type": "MultiPolygon", "coordinates": [[[[-71.06662, 42.35984], [-71.06661, 42.3599], [-71.06643, 42.3599], [-71.06643, 42.35984], [-71.06662, 42.35984]]]]}}, {"type": "Feature", "properties": {"street_address": "221 Fibonacci Ct", "property_value": 2667000, "last_sale_date": "1936-09-10", "is_rental": false, "is_owner_occupied": true, "is_vacant": false, "count_permits_last_six_months": 1, "count_police_calls_last_six_months": 5}, "geometry": {"type": "MultiPolygon", "coordinates": [[[[-71.06662, 42.35984], [-71.06661, 42.3599], [-71.06643, 42.3599], [-71.06643, 42.35984], [-71.06662, 42.35984]]]]}}, {"type": "Feature", "properties": {"street_address": "339 Archimedes Rd", "property_value": 1410000, "last_sale_date": "1968-08-20", "is_rental": false, "is_owner_occupied": true, "is_vacant": false, "count_permits_last_six_months": 7, "count_police_calls_last_six_months": 5}, "geometry": {"type": "MultiPolygon", "coordinates": [[[[-71.06662, 42.35984], [-71.06661, 42.3599], [-71.06643, 42.3599], [-71.06643, 42.35984], [-71.06662, 42.35984]]]]}}, {"type": "Feature", "properties": {"street_address": "229 Copernicus Dr", "property_value": 373000, "last_sale_date": "1980-10-14", "is_rental": false, "is_owner_occupied": true, "is_vacant": false, "count_permits_last_six_months": 1, "count_police_calls_last_six_months": 10}, "geometry": {"type": "MultiPolygon", "coordinates": [[[[-71.06662, 42.35984], [-71.06661, 42.3599], [-71.06643, 42.3599], [-71.06643, 42.35984], [-71.06662, 42.35984]]]]}}, {"type": "Feature", "properties": {"street_address": "327 Kepler St", "property_value": 1863000, "last_sale_date": "1983-09-26", "is_rental": true, "is_owner_occupied": false, "is_vacant": false, "count_permits_last_six_months": 0, "count_police_calls_last_six_months": 2}, "geometry": {"type": "MultiPolygon", "coordinates": [[[[-71.06661, 42.35978], [-71.06662, 42.35984], [-71.06643, 42.35984], [-71.06643, 42.35978], [-71.06653, 42.35978], [-71.06659, 42.35978], [-71.06661, 42.35978]]]]}}, {"type": "Feature", "properties": {"street_address": "435 Descartes Ave", "property_value": 2688000, "last_sale_date": "2002-01-05", "is_rental": true, "is_owner_occupied": false, "is_vacant": false, "count_permits_last_six_months": 3, "count_police_calls_last_six_months": 10}, "geometry": {"type": "MultiPolygon", "coordinates": [[[[-71.06689, 42.36091], [-71.0669, 42.36105], [-71.06676, 42.36105], [-71.06675, 42.36091], [-71.06689, 42.36091]]]]}}, {"type": "Feature", "properties": {"street_address": "188 Riemann Ln", "property_value": 1683000, "last_sale_date": "1988-10-02", "is_rental": true, "is_owner_occupied": false, "is_vacant": false, "count_permits_last_six_months": 10, "count_police_calls_last_six_months": 7}, "geometry": {"type": "MultiPolygon", "coordinates": [[[[-71.06675, 42.36091], [-71.06676, 42.36105], [-71.06659, 42.36105], [-71.06658, 42.36091], [-71.06675, 42.36091]]]]}}, {"type": "Feature", "properties": {"street_address": "486 Bernoulli Way", "property_value": 1719000, "last_sale_date": "1985-08-25", "is_rental": true, "is_owner_occupied": false, "is_vacant": false, "count_permits_last_six_months": 9, "count_police_calls_last_six_months": 2}, "geometry": {"type": "MultiPolygon", "coordinates": [[[[-71.06658, 42.36091], [-71.06659, 42.36105], [-71.06644, 42.36105], [-71.06644, 42.36091], [-71.06658, 42.36091]]]]}}, {"type": "Feature", "properties": {"street_address": "272 Fermat Pl", "property_value": 1703000, "last_sale_date": "1991-06-21", "is_rental": false, "is_owner_occupied": true, "is_vacant": false, "count_permits_last_six_months": 1, "count_police_calls_last_six_months": 0}, "geometry": {"type": "MultiPolygon", "coordinates": [[[[-71.0666, 42.36071], [-71.0666, 42.36072], [-71.06666, 42.36072], [-71.06666, 42.36077], [-71.06644, 42.36078], [-71.06644, 42.36072], [-71.0666, 42.36071]]]]}}, {"type": "Feature", "properties": {"street_address": "377 Lagrange Blvd", "property_value": 962000, "last_sale_date": "2017-09-13", "is_rental": true, "is_owner_occupied": false, "is_vacant": false, "count_permits_last_six_months": 4, "count_police_calls_last_six_months": 4}, "geometry": {"type": "MultiPolygon", "coordinates": [[[[-71.0666, 42.36071], [-71.0666, 42.36072], [-71.06666, 42.36072], [-71.06666, 42.36077], [-71.06644, 42.36078], [-71.06644, 42.36072], [-71.0666, 42.36071]]]]}}, {"type": "Feature", "properties": {"street_address": "361 Napier Rd", "property_value": 2027000, "last_sale_date": "1944-10-10", "is_rental": false, "is_owner_occupied": true, "is_vacant": false, "count_permits_last_six_months": 1, "count_police_calls_last_six_months": 2}, "geometry": {"type": "MultiPolygon", "coordinates": [[[[-71.0666, 42.36071], [-71.0666, 42.36072], [-71.06666, 42.36072], [-71.06666, 42.36077], [-71.06644, 42.36078], [-71.06644, 42.36072], [-71.0666, 42.36071]]]]}}, {"type": "Feature", "properties": {"street_address": "437 Ortelius Dr", "property_value": 503000, "last_sale_date": "2005-03-23", "is_rental": false, "is_owner_occupied": true, "is_vacant": false, "count_permits_last_six_months": 10, "count_police_calls_last_six_months": 5}, "geometry": {"type": "MultiPolygon", "coordinates": [[[[-71.0666, 42.36071], [-71.0666, 42.36072], [-71.06666, 42.36072], [-71.06666, 42.36077], [-71.06644, 42.36078], [-71.06644, 42.36072], [-71.0666, 42.36071]]]]}}, {"type": "Feature", "properties": {"street_address": "342 Cassini St", "property_value": 1623000, "last_sale_date": "1906-09-18", "is_rental": false, "is_owner_occupied": false, "is_vacant": true, "count_permits_last_six_months": 10, "count_police_calls_last_six_months": 2}, "geometry": {"type": "MultiPolygon", "coordinates": [[[[-71.0666, 42.36071], [-71.0666, 42.36072], [-71.06666, 42.36072], [-71.06666, 42.36077], [-71.06644, 42.36078], [-71.06644, 42.36072], [-71.0666, 42.36071]]]]}}, {"type": "Feature", "properties": {"street_address": "407 Brahe Ave", "property_value": 1680000, "last_sale_date": "2020-04-04", "is_rental": true, "is_owner_occupied": false, "is_vacant": false, "count_permits_last_six_months": 2, "count_police_calls_last_six_months": 3}, "geometry": {"type": "MultiPolygon", "coordinates": [[[[-71.0666, 42.36071], [-71.0666, 42.36072], [-71.06666, 42.36072], [-71.06666, 42.36077], [-71.06644, 42.36078], [-71.06644, 42.36072], [-71.0666, 42.36071]]]]}}, {"type": "Feature", "properties": {"street_address": "405 Halley Ln", "property_value": 2223000, "last_sale_date": "1896-06-18", "is_rental": false, "is_owner_occupied": false, "is_vacant": true, "count_permits_last_six_months": 9, "count_police_calls_last_six_months": 1}, "geometry": {"type": "MultiPolygon", "coordinates": [[[[-71.0666, 42.36071], [-71.0666, 42.36072], [-71.06666, 42.36072], [-71.06666, 42.36077], [-71.06644, 42.36078], [-71.06644, 42.36072], [-71.0666, 42.36071]]]]}}, {"type": "Feature", "properties": {"street_address": "34 Eratosthenes Way", "property_value": 1466000, "last_sale_date": "1991-12-24", "is_rental": false, "is_owner_occupied": false, "is_vacant": false, "count_permits_last_six_months": 9, "count_police_calls_last_six_months": 1}, "geometry": {"type": "MultiPolygon", "coordinates": [[[[-71.0666, 42.36066], [-71.0666, 42.36071], [-71.06644, 42.36072], [-71.06644, 42.36066], [-71.0666, 42.36066]]]]}}, {"type": "Feature", "properties": {"street_address": "65 Hipparchus Ct", "property_value": 1498000, "last_sale_date": "1908-08-15", "is_rental": false, "is_owner_occupied": true, "is_vacant": false, "count_permits_last_six_months": 8, "count_police_calls_last_six_months": 10}, "geometry": {"type": "MultiPolygon", "coordinates": [[[[-71.06656, 42.36057], [-71.06671, 42.36057], [-71.06671, 42.36058], [-71.06671, 42.36062], [-71.06671, 42.36066], [-71.0666, 42.36066], [-71.06644, 42.36066], [-71.06644, 42.36057], [-71.06656, 42.36057]]]]}}, {"type": "Feature", "properties": {"street_address": "301 Strabo Rd", "property_value": 945000, "last_sale_date": "1923-07-17", "is_rental": true, "is_owner_occupied": false, "is_vacant": false, "count_permits_last_six_months": 1, "count_police_calls_last_six_months": 8}, "geometry": {"type": "MultiPolygon", "coordinates": [[[[-71.06654, 42.36039], [-71.06654, 42.36045], [-71.06655, 42.36045], [-71.06656, 42.36057], [-71.06644, 42.36057], [-71.06643, 42.36039], [-71.06654, 42.36039]]]]}}, {"type": "Feature", "properties": {"street_address": "79 Waldseemuller Dr", "property_value": 1445000, "last_sale_date": "1932-03-11", "is_rental": true, "is_owner_occupied": false, "is_vacant": false, "count_permits_last_six_months": 5, "count_police_calls_last_six_months": 8}, "geometry": {"type": "MultiPolygon", "coordinates": [[[[-71.06663, 42.36039], [-71.06663, 42.36053], [-71.0667, 42.36053], [-71.0667, 42.36054], [-71.06671, 42.36057], [-71.06656, 42.36057], [-71.06655, 42.36045], [-71.06654, 42.36045], [-71.06654, 42.36039], [-71.06663, 42.36039]]]]}}, {"type": "Feature", "properties": {"street_address": "459 Gerardus St", "property_value": 1363000, "last_sale_date": "1910-05-07", "is_rental": false, "is_owner_occupied": true, "is_vacant": false, "count_permits_last_six_months": 10, "count_police_calls_last_six_months": 4}, "geometry": {"type": "MultiPolygon", "coordinates": [[[[-71.06669, 42.36038], [-71.06669, 42.36044], [-71.0667, 42.36049], [-71.0667, 42.36053], [-71.06663, 42.36053], [-71.06663, 42.36039], [-71.06669, 42.36038]]]]}}, {"type": "Feature", "properties": {"street_address": "315 Cresques Ave", "property_value": 2385000, "last_sale_date": "1913-09-21", "is_rental": true, "is_owner_occupied": false, "is_vacant": false, "count_permits_last_six_months": 9, "count_police_calls_last_six_months": 9}, "geometry": {"type": "MultiPolygon", "coordinates": [[[[-71.06684, 42.36038], [-71.06685, 42.36043], [-71.06669, 42.36044], [-71.06669, 42.36038], [-71.06684, 42.36038]]]]}}, {"type": "Feature", "properties": {"street_address": "79 Ptolemy St", "property_value": 901000, "last_sale_date": "1976-10-02", "is_rental": true, "is_owner_occupied": false, "is_vacant": false, "count_permits_last_six_months": 1, "count_police_calls_last_six_months": 0}, "geometry": {"type": "MultiPolygon", "coordinates": [[[[-71.06684, 42.36038], [-71.06685, 42.36043], [-71.06669, 42.36044], [-71.06669, 42.36038], [-71.06684, 42.36038]]]]}}, {"type": "Feature", "properties": {"street_address": "486 Euclid Ave", "property_value": 2827000, "last_sale_date": "1957-11-07", "is_rental": false, "is_owner_occupied": true, "is_vacant": false, "count_permits_last_six_months": 7, "count_police_calls_last_six_months": 10}, "geometry": {"type": "MultiPolygon", "coordinates": [[[[-71.06684, 42.36038], [-71.06685, 42.36043], [-71.06669, 42.36044], [-71.06669, 42.36038], [-71.06684, 42.36038]]]]}}, {"type": "Feature", "properties": {"street_address": "280 Mercator Ln", "property_value": 1386000, "last_sale_date": "1967-08-08", "is_rental": false, "is_owner_occupied": false, "is_vacant": false, "count_permits_last_six_months": 1, "count_police_calls_last_six_months": 0}, "geometry": {"type": "MultiPolygon", "coordinates": [[[[-71.06684, 42.36038], [-71.06685, 42.36043], [-71.06669, 42.36044], [-71.06669, 42.36038], [-71.06684, 42.36038]]]]}}, {"type": "Feature", "properties": {"street_address": "81 Gauss Blvd", "property_value": 2000000, "last_sale_date": "1996-08-15", "is_rental": true, "is_owner_occupied": false, "is_vacant": false, "count_permits_last_six_months": 5, "count_police_calls_last_six_months": 9}, "geometry": {"type": "MultiPolygon", "coordinates": [[[[-71.06684, 42.36038], [-71.06685, 42.36043], [-71.06669, 42.36044], [-71.06669, 42.36038], [-71.06684, 42.36038]]]]}}, {"type": "Feature", "properties": {"street_address": "74 Euler Way", "property_value": 1480000, "last_sale_date": "1971-12-28", "is_rental": false, "is_owner_occupied": false, "is_vacant": true, "count_permits_last_six_months": 5, "count_police_calls_last_six_months": 8}, "geometry": {"type": "MultiPolygon", "coordinates": [[[[-71.06684, 42.36038], [-71.06685, 42.36043], [-71.06669, 42.36044], [-71.06669, 42.36038], [-71.06684, 42.36038]]]]}}, {"type": "Feature", "properties": {"street_address": "288 Fibonacci Ct", "property_value": 634000, "last_sale_date": "1971-04-15", "is_rental": true, "is_owner_occupied": false, "is_vacant": false, "count_permits_last_six_months": 4, "count_police_calls_last_six_months": 7}, "geometry": {"type": "MultiPolygon", "coordinates": [[[[-71.06684, 42.36038], [-71.06685, 42.36043], [-71.06669, 42.36044], [-71.06669, 42.36038], [-71.06684, 42.36038]]]]}}, {"type": "Feature", "properties": {"street_address": "127 Archimedes Rd", "property_value": 777000, "last_sale_date": "1914-01-10", "is_rental": false, "is_owner_occupied": false, "is_vacant": true, "count_permits_last_six_months": 2, "count_police_calls_last_six_months": 5}, "geometry": {"type": "MultiPolygon", "coordinates": [[[[-71.06684, 42.36038], [-71.06685, 42.36043], [-71.06669, 42.36044], [-71.06669, 42.36038], [-71.06684, 42.36038]]]]}}, {"type": "Feature", "properties": {"street_address": "479 Copernicus Dr", "property_value": 2566000, "last_sale_date": "1970-04-25", "is_rental": true, "is_owner_occupied": false, "is_vacant": false, "count_permits_last_six_months": 7, "count_police_calls_last_six_months": 8}, "geometry": {"type": "MultiPolygon", "coordinates": [[[[-71.06684, 42.36038], [-71.06685, 42.36043], [-71.06669, 42.36044], [-71.06669, 42.36038], [-71.06684, 42.36038]]]]}}, {"type": "Feature", "properties": {"street_address": "240 Kepler St", "property_value": 2242000, "last_sale_date": "1968-08-01", "is_rental": true, "is_owner_occupied": false, "is_vacant": false, "count_permits_last_six_months": 6, "count_police_calls_last_six_months": 8}, "geometry": {"type": "MultiPolygon", "coordinates": [[[[-71.06684, 42.36038], [-71.06685, 42.36043], [-71.06669, 42.36044], [-71.06669, 42.36038], [-71.06684, 42.36038]]]]}}, {"type": "Feature", "properties": {"street_address": "235 Descartes Ave", "property_value": 1186000, "last_sale_date": "1945-10-12", "is_rental": true, "is_owner_occupied": false, "is_vacant": false, "count_permits_last_six_months": 0, "count_police_calls_last_six_months": 4}, "geometry": {"type": "MultiPolygon", "coordinates": [[[[-71.06684, 42.36038], [-71.06685, 42.36043], [-71.06669, 42.36044], [-71.06669, 42.36038], [-71.06684, 42.36038]]]]}}, {"type": "Feature", "properties": {"street_address": "254 Riemann Ln", "property_value": 2647000, "last_sale_date": "2010-05-18", "is_rental": true, "is_owner_occupied": false, "is_vacant": false, "count_permits_last_six_months": 1, "count_police_calls_last_six_months": 6}, "geometry": {"type": "MultiPolygon", "coordinates": [[[[-71.06684, 42.36038], [-71.06685, 42.36043], [-71.06669, 42.36044], [-71.06669, 42.36038], [-71.06684, 42.36038]]]]}}, {"type": "Feature", "properties": {"street_address": "69 Bernoulli Way", "property_value": 3814000, "last_sale_date": "1957-12-12", "is_rental": false, "is_owner_occupied": false, "is_vacant": true, "count_permits_last_six_months": 6, "count_police_calls_last_six_months": 0}, "geometry": {"type": "MultiPolygon", "coordinates": [[[[-71.06685, 42.36043], [-71.06685, 42.36049], [-71.0667, 42.36049], [-71.06669, 42.36044], [-71.06685, 42.36043]]]]}}, {"type": "Feature", "properties": {"street_address": "292 Fermat Pl", "property_value": 2501000, "last_sale_date": "1939-06-18", "is_rental": false, "is_owner_occupied": true, "is_vacant": false, "count_permits_last_six_months": 6, "count_police_calls_last_six_months": 8}, "geometry": {"type": "MultiPolygon", "coordinates": [[[[-71.06685, 42.36049], [-71.06686, 42.36054], [-71.0667, 42.36054], [-71.0667, 42.36053], [-71.0667, 42.36049], [-71.06685, 42.36049]]]]}}, {"type": "Feature", "properties": {"street_address": "231 Lagrange Blvd", "property_value": 3330000, "last_sale_date": "1961-10-22", "is_rental": true, "is_owner_occupied": false, "is_vacant": false, "count_permits_last_six_months": 2, "count_police_calls_last_six_months": 1}, "geometry": {"type": "MultiPolygon", "coordinates": [[[[-71.06686, 42.36054], [-71.06686, 42.36058], [-71.06671, 42.36058], [-71.06671, 42.36057], [-71.0667, 42.36054], [-71.06686, 42.36054]]]]}}, {"type": "Feature", "properties": {"street_address": "202 Napier Rd", "property_value": 1728000, "last_sale_date": "1976-09-12", "is_rental": true, "is_owner_occupied": false, "is_vacant": false, "count_permits_last_six_months": 3, "count_police_calls_last_six_months": 9}, "geometry": {"type": "MultiPolygon", "coordinates": [[[[-71.06687, 42.36066], [-71.06687, 42.36072], [-71.06666, 42.36072], [-71.0666, 42.36072], [-71.0666, 42.36071], [-71.0666, 42.36066], [-71.06671, 42.36066], [-71.06671, 42.36067], [-71.06687, 42.36066]]]]}}, {"type": "Feature", "properties": {"street_address": "261 Ortelius Dr", "property_value": 1844000, "last_sale_date": "2018-01-02", "is_rental": true, "is_owner_occupied": false, "is_vacant": false, "count_permits_last_six_months": 2, "count_police_calls_last_six_months": 5}, "geometry": {"type": "MultiPolygon", "coordinates": [[[[-71.06666, 42.36072], [-71.06687, 42.36072], [-71.06688, 42.36077], [-71.06678, 42.36077], [-71.06666, 42.36077], [-71.06666, 42.36072]]]]}}, {"type": "Feature", "properties": {"street_address": "412 Cassini St", "property_value": 2140000, "last_sale_date": "2022-08-05", "is_rental": true, "is_owner_occupied": false, "is_vacant": false, "count_permits_last_six_months": 5, "count_police_calls_last_six_months": 9}, "geometry": {"type": "MultiPolygon", "coordinates": [[[[-71.06666, 42.36072], [-71.06687, 42.36072], [-71.06688, 42.36077], [-71.06678, 42.36077], [-71.06666, 42.36077], [-71.06666, 42.36072]]]]}}, {"type": "Feature", "properties": {"street_address": "164 Brahe Ave", "property_value": 865000, "last_sale_date": "1990-10-24", "is_rental": false, "is_owner_occupied": false, "is_vacant": false, "count_permits_last_six_months": 9, "count_police_calls_last_six_months": 4}, "geometry": {"type": "MultiPolygon", "coordinates": [[[[-71.06666, 42.36072], [-71.06687, 42.36072], [-71.06688, 42.36077], [-71.06678, 42.36077], [-71.06666, 42.36077], [-71.06666, 42.36072]]]]}}, {"type": "Feature", "properties": {"street_address": "244 Halley Ln", "property_value": 3541000, "last_sale_date": "1894-06-11", "is_rental": true, "is_owner_occupied": false, "is_vacant": false, "count_permits_last_six_months": 6, "count_police_calls_last_six_months": 9}, "geometry": {"type": "MultiPolygon", "coordinates": [[[[-71.06666, 42.36072], [-71.06687, 42.36072], [-71.06688, 42.36077], [-71.06678, 42.36077], [-71.06666, 42.36077], [-71.06666, 42.36072]]]]}}, {"type": "Feature", "properties": {"street_address": "158 Eratosthenes Way", "property_value": 3463000, "last_sale_date": "1896-10-16", "is_rental": false, "is_owner_occupied": true, "is_vacant": false, "count_permits_last_six_months": 0, "count_police_calls_last_six_months": 9}, "geometry": {"type": "MultiPolygon", "coordinates": [[[[-71.06678, 42.36077], [-71.06688, 42.36077], [-71.06689, 42.36091], [-71.06675, 42.36091], [-71.06658, 42.36091], [-71.06644, 42.36091], [-71.06644, 42.36078], [-71.06666, 42.36077], [-71.06678, 42.36077]]]]}}, {"type": "Feature", "properties": {"street_address": "246 Hipparchus Ct", "property_value": 898000, "last_sale_date": "2024-11-24", "is_rental": false, "is_owner_occupied": true, "is_vacant": false, "count_permits_last_six_months": 10, "count_police_calls_last_six_months": 3}, "geometry": {"type": "MultiPolygon", "coordinates": [[[[-71.06776, 42.36076], [-71.06779, 42.36103], [-71.06718, 42.36104], [-71.06717, 42.36084], [-71.06716, 42.36077], [-71.06738, 42.36076], [-71.06776, 42.36076]]]]}}, {"type": "Feature", "properties": {"street_address": "17 Strabo Rd", "property_value": 2545000, "last_sale_date": "1918-04-01", "is_rental": false, "is_owner_occupied": false, "is_vacant": false, "count_permits_last_six_months": 2, "count_police_calls_last_six_months": 6}, "geometry": {"type": "MultiPolygon", "coordinates": [[[[-71.06717, 42.36084], [-71.06718, 42.36104], [-71.06703, 42.36104], [-71.06702, 42.36084], [-71.06717, 42.36084]]]]}}, {"type": "Feature", "properties": {"street_address": "354 Waldseemuller Dr", "property_value": 1035000, "last_sale_date": "1995-09-25", "is_rental": false, "is_owner_occupied": true, "is_vacant": false, "count_permits_last_six_months": 2, "count_police_calls_last_six_months": 8}, "geometry": {"type": "MultiPolygon", "coordinates": [[[[-71.06717, 42.36084], [-71.06718, 42.36104], [-71.06703, 42.36104], [-71.06702, 42.36084], [-71.06717, 42.36084]]]]}}, {"type": "Feature", "properties": {"street_address": "107 Gerardus St", "property_value": 2497000, "last_sale_date": "1973-11-16", "is_rental": false, "is_owner_occupied": false, "is_vacant": true, "count_permits_last_six_months": 7, "count_police_calls_last_six_months": 8}, "geometry": {"type": "MultiPolygon", "coordinates": [[[[-71.06717, 42.36084], [-71.06718, 42.36104], [-71.06703, 42.36104], [-71.06702, 42.36084], [-71.06717, 42.36084]]]]}}, {"type": "Feature", "properties": {"street_address": "176 Cresques Ave", "property_value": 2437000, "last_sale_date": "1980-11-25", "is_rental": false, "is_owner_occupied": false, "is_vacant": true, "count_permits_last_six_months": 3, "count_police_calls_last_six_months": 4}, "geometry": {"type": "MultiPolygon", "coordinates": [[[[-71.06717, 42.36084], [-71.06718, 42.36104], [-71.06703, 42.36104], [-71.06702, 42.36084], [-71.06717, 42.36084]]]]}}, {"type": "Feature", "properties": {"street_address": "286 Ptolemy St", "property_value": 1422000, "last_sale_date": "1947-05-25", "is_rental": false, "is_owner_occupied": true, "is_vacant": false, "count_permits_last_six_months": 7, "count_police_calls_last_six_months": 5}, "geometry": {"type": "MultiPolygon", "coordinates": [[[[-71.06717, 42.36084], [-71.06718, 42.36104], [-71.06703, 42.36104], [-71.06702, 42.36084], [-71.06717, 42.36084]]]]}}, {"type": "Feature", "properties": {"street_address": "246 Euclid Ave", "property_value": 1628000, "last_sale_date": "1960-05-04", "is_rental": false, "is_owner_occupied": false, "is_vacant": false, "count_permits_last_six_months": 2, "count_police_calls_last_six_months": 4}, "geometry": {"type": "MultiPolygon", "coordinates": [[[[-71.06717, 42.36084], [-71.06718, 42.36104], [-71.06703, 42.36104], [-71.06702, 42.36084], [-71.06717, 42.36084]]]]}}, {"type": "Feature", "properties": {"street_address": "22 Mercator Ln", "property_value": 1378000, "last_sale_date": "1910-06-15", "is_rental": false, "is_owner_occupied": false, "is_vacant": true, "count_permits_last_six_months": 3, "count_police_calls_last_six_months": 8}, "geometry": {"type": "MultiPolygon", "coordinates": [[[[-71.06717, 42.36084], [-71.06718, 42.36104], [-71.06703, 42.36104], [-71.06702, 42.36084], [-71.06717, 42.36084]]]]}}, {"type": "Feature", "properties": {"street_address": "139 Gauss Blvd", "property_value": 2502000, "last_sale_date": "1959-03-04", "is_rental": true, "is_owner_occupied": false, "is_vacant": false, "count_permits_last_six_months": 3, "count_police_calls_last_six_months": 0}, "geometry": {"type": "MultiPolygon", "coordinates": [[[[-71.06717, 42.36084], [-71.06718, 42.36104], [-71.06703, 42.36104], [-71.06702, 42.36084], [-71.06717, 42.36084]]]]}}, {"type": "Feature", "properties": {"street_address": "343 Euler Way", "property_value": 3907000, "last_sale_date": "2025-04-21", "is_rental": true, "is_owner_occupied": false, "is_vacant": false, "count_permits_last_six_months": 0, "count_police_calls_last_six_months": 1}, "geometry": {"type": "MultiPolygon", "coordinates": [[[[-71.06717, 42.36084], [-71.06718, 42.36104], [-71.06703, 42.36104], [-71.06702, 42.36084], [-71.06717, 42.36084]]]]}}, {"type": "Feature", "properties": {"street_address": "212 Fibonacci Ct", "property_value": 1552000, "last_sale_date": "2010-02-22", "is_rental": true, "is_owner_occupied": false, "is_vacant": false, "count_permits_last_six_months": 0, "count_police_calls_last_six_months": 8}, "geometry": {"type": "MultiPolygon", "coordinates": [[[[-71.06716, 42.36077], [-71.06717, 42.36084], [-71.06702, 42.36084], [-71.06701, 42.36077], [-71.06716, 42.36077]]]]}}, {"type": "Feature", "properties": {"street_address": "476 Archimedes Rd", "property_value": 846000, "last_sale_date": "1994-11-16", "is_rental": false, "is_owner_occupied": true, "is_vacant": false, "count_permits_last_six_months": 4, "count_police_calls_last_six_months": 5}, "geometry": {"type": "MultiPolygon", "coordinates": [[[[-71.06737, 42.36065], [-71.06738, 42.36076], [-71.06716, 42.36077], [-71.06701, 42.36077], [-71.067, 42.36066], [-71.06717, 42.36065], [-71.0673, 42.36065], [-71.06737, 42.36065]]]]}}, {"type": "Feature", "properties": {"street_address": "147 Copernicus Dr", "property_value": 2845000, "last_sale_date": "1905-02-21", "is_rental": true, "is_owner_occupied": false, "is_vacant": false, "count_permits_last_six_months": 8, "count_police_calls_last_six_months": 0}, "geometry": {"type": "MultiPolygon", "coordinates": [[[[-71.06737, 42.36065], [-71.06738, 42.36076], [-71.06716, 42.36077], [-71.06701, 42.36077], [-71.067, 42.36066], [-71.06717, 42.36065], [-71.0673, 42.36065], [-71.06737, 42.36065]]]]}}, {"type": "Feature", "properties": {"street_address": "468 Kepler St", "property_value": 3974000, "last_sale_date": "1934-07-27", "is_rental": true, "is_owner_occupied": false, "is_vacant": false, "count_permits_last_six_months": 0, "count_police_calls_last_six_months": 6}, "geometry": {"type": "MultiPolygon", "coordinates": [[[[-71.06716, 42.36051], [-71.06717, 42.36055], [-71.06716, 42.36055], [-71.06717, 42.36061], [-71.067, 42.36061], [-71.06699, 42.36052], [-71.06712, 42.36051], [-71.06716, 42.36051]]]]}}, {"type": "Feature", "properties": {"street_address": "404 Descartes Ave", "property_value": 2229000, "last_sale_date": "1937-12-28", "is_rental": false, "is_owner_occupied": true, "is_vacant": false, "count_permits_last_six_months": 0, "count_police_calls_last_six_months": 4}, "geometry": {"type": "MultiPolygon", "coordinates": [[[[-71.06711, 42.36038], [-71.06712, 42.3605], [-71.06699, 42.36051], [-71.06698, 42.36038], [-71.06711, 42.36038]]]]}}, {"type": "Feature", "properties": {"street_address": "291 Riemann Ln", "property_value": 2668000, "last_sale_date": "1917-06-10", "is_rental": false, "is_owner_occupied": false, "is_vacant": true, "count_permits_last_six_months": 8, "count_police_calls_last_six_months": 7}, "geometry": {"type": "MultiPolygon", "coordinates": [[[[-71.06711, 42.36038], [-71.06712, 42.3605], [-71.06699, 42.36051], [-71.06698, 42.36038], [-71.06711, 42.36038]]]]}}, {"type": "Feature", "properties": {"street_address": "140 Bernoulli Way", "property_value": 989000, "last_sale_date": "1918-06-06", "is_rental": false, "is_owner_occupied": false, "is_vacant": true, "count_permits_last_six_months": 0, "count_police_calls_last_six_months": 5}, "geometry": {"type": "MultiPolygon", "coordinates": [[[[-71.06711, 42.36038], [-71.06712, 42.3605], [-71.06699, 42.36051], [-71.06698, 42.36038], [-71.06711, 42.36038]]]]}}, {"type": "Feature", "properties": {"street_address": "405 Fermat Pl", "property_value": 1408000, "last_sale_date": "1939-03-20", "is_rental": false, "is_owner_occupied": false, "is_vacant": false, "count_permits_last_six_months": 1, "count_police_calls_last_six_months": 6}, "geometry": {"type": "MultiPolygon", "coordinates": [[[[-71.06711, 42.36038], [-71.06712, 42.3605], [-71.06699, 42.36051], [-71.06698, 42.36038], [-71.06711, 42.36038]]]]}}, {"type": "Feature", "properties": {"street_address": "343 Lagrange Blvd", "property_value": 590000, "last_sale_date": "1937-03-16", "is_rental": false, "is_owner_occupied": true, "is_vacant": false, "count_permits_last_six_months": 0, "count_police_calls_last_six_months": 4}, "geometry": {"type": "MultiPolygon", "coordinates": [[[[-71.06711, 42.36038], [-71.06712, 42.3605], [-71.06699, 42.36051], [-71.06698, 42.36038], [-71.06711, 42.36038]]]]}}, {"type": "Feature", "properties": {"street_address": "197 Napier Rd", "property_value": 1164000, "last_sale_date": "2004-05-11", "is_rental": false, "is_owner_occupied": true, "is_vacant": false, "count_permits_last_six_months": 4, "count_police_calls_last_six_months": 10}, "geometry": {"type": "MultiPolygon", "coordinates": [[[[-71.06711, 42.36038], [-71.06712, 42.3605], [-71.06699, 42.36051], [-71.06698, 42.36038], [-71.06711, 42.36038]]]]}}, {"type": "Feature", "properties": {"street_address": "185 Ortelius Dr", "property_value": 3037000, "last_sale_date": "1950-01-22", "is_rental": true, "is_owner_occupied": false, "is_vacant": false, "count_permits_last_six_months": 7, "count_police_calls_last_six_months": 4}, "geometry": {"type": "MultiPolygon", "coordinates": [[[[-71.06711, 42.36038], [-71.06712, 42.3605], [-71.06699, 42.36051], [-71.06698, 42.36038], [-71.06711, 42.36038]]]]}}, {"type": "Feature", "properties": {"street_address": "82 Cassini St", "property_value": 1860000, "last_sale_date": "2018-12-25", "is_rental": false, "is_owner_occupied": true, "is_vacant": false, "count_permits_last_six_months": 10, "count_police_calls_last_six_months": 4}, "geometry": {"type": "MultiPolygon", "coordinates": [[[[-71.06711, 42.36038], [-71.06712, 42.3605], [-71.06699, 42.36051], [-71.06698, 42.36038], [-71.06711, 42.36038]]]]}}, {"type": "Feature", "properties": {"street_address": "189 Brahe Ave", "property_value": 2717000, "last_sale_date": "1946-04-05", "is_rental": false, "is_owner_occupied": true, "is_vacant": false, "count_permits_last_six_months": 7, "count_police_calls_last_six_months": 9}, "geometry": {"type": "MultiPolygon", "coordinates": [[[[-71.06711, 42.36038], [-71.06712, 42.3605], [-71.06699, 42.36051], [-71.06698, 42.36038], [-71.06711, 42.36038]]]]}}, {"type": "Feature", "properties": {"street_address": "192 Halley Ln", "property_value": 1903000, "last_sale_date": "2010-09-26", "is_rental": true, "is_owner_occupied": false, "is_vacant": false, "count_permits_last_six_months": 3, "count_police_calls_last_six_months": 10}, "geometry": {"type": "MultiPolygon", "coordinates": [[[[-71.06711, 42.36038], [-71.06712, 42.3605], [-71.06699, 42.36051], [-71.06698, 42.36038], [-71.06711, 42.36038]]]]}}, {"type": "Feature", "properties": {"street_address": "387 Eratosthenes Way", "property_value": 2640000, "last_sale_date": "1910-09-15", "is_rental": false, "is_owner_occupied": true, "is_vacant": false, "count_permits_last_six_months": 9, "count_police_calls_last_six_months": 1}, "geometry": {"type": "MultiPolygon", "coordinates": [[[[-71.06743, 42.36037], [-71.06744, 42.36052], [-71.06745, 42.36062], [-71.0673, 42.36063], [-71.0673, 42.36065], [-71.06717, 42.36065], [-71.06717, 42.36061], [-71.06716, 42.36055], [-71.06717, 42.36055], [-71.06716, 42.36051], [-71.06717, 42.36051], [-71.06723, 42.36051], [-71.06729, 42.36051], [-71.06729, 42.36037], [-71.06743, 42.36037]]]]}}, {"type": "Feature", "properties": {"street_address": "32 Hipparchus Ct", "property_value": 3594000, "last_sale_date": "2019-04-19", "is_rental": true, "is_owner_occupied": false, "is_vacant": false, "count_permits_last_six_months": 2, "count_police_calls_last_six_months": 5}, "geometry": {"type": "MultiPolygon", "coordinates": [[[[-71.0675, 42.36037], [-71.06751, 42.36046], [-71.06752, 42.36051], [-71.0675, 42.36051], [-71.0675, 42.36052], [-71.06744, 42.36052], [-71.06743, 42.36037], [-71.0675, 42.36037]]]]}}, {"type": "Feature", "properties": {"street_address": "438 Strabo Rd", "property_value": 2331000, "last_sale_date": "2003-02-22", "is_rental": true, "is_owner_occupied": false, "is_vacant": false, "count_permits_last_six_months": 9, "count_police_calls_last_six_months": 7}, "geometry": {"type": "MultiPolygon", "coordinates": [[[[-71.0675, 42.36037], [-71.06751, 42.36046], [-71.06752, 42.36051], [-71.0675, 42.36051], [-71.0675, 42.36052], [-71.06744, 42.36052], [-71.06743, 42.36037], [-71.0675, 42.36037]]]]}}, {"type": "Feature", "properties": {"street_address": "47 Waldseemuller Dr", "property_value": 3881000, "last_sale_date": "2020-08-26", "is_rental": true, "is_owner_occupied": false, "is_vacant": false, "count_permits_last_six_months": 7, "count_police_calls_last_six_months": 2}, "geometry": {"type": "MultiPolygon", "coordinates": [[[[-71.06759, 42.36036], [-71.06759, 42.36051], [-71.06752, 42.36051], [-71.06751, 42.36046], [-71.0675, 42.36037], [-71.06759, 42.36036]]]]}}, {"type": "Feature", "properties": {"street_address": "263 Gerardus St", "property_value": 1901000, "last_sale_date": "2006-10-02", "is_rental": false, "is_owner_occupied": false, "is_vacant": true, "count_permits_last_six_months": 6, "count_police_calls_last_six_months": 4}, "geometry": {"type": "MultiPolygon", "coordinates": [[[[-71.06766, 42.36036], [-71.06767, 42.36051], [-71.06759, 42.36051], [-71.06759, 42.36036], [-71.06766, 42.36036]]]]}}, {"type": "Feature", "properties": {"street_address": "419 Cresques Ave", "property_value": 212000, "last_sale_date": "1945-10-03", "is_rental": true, "is_owner_occupied": false, "is_vacant": false, "count_permits_last_six_months": 6, "count_police_calls_last_six_months": 5}, "geometry": {"type": "MultiPolygon", "coordinates": [[[[-71.06773, 42.36036], [-71.06774, 42.36051], [-71.06767, 42.36051], [-71.06766, 42.36036], [-71.06773, 42.36036]]]]}}, {"type": "Feature", "properties": {"street_address": "359 Ptolemy St", "property_value": 461000, "last_sale_date": "1905-02-16", "is_rental": true, "is_owner_occupied": false, "is_vacant": false, "count_permits_last_six_months": 4, "count_police_calls_last_six_months": 6}, "geometry": {"type": "MultiPolygon", "coordinates": [[[[-71.06774, 42.36051], [-71.06776, 42.36076], [-71.06738, 42.36076], [-71.06737, 42.36065], [-71.0673, 42.36065], [-71.0673, 42.36063], [-71.06745, 42.36062], [-71.06744, 42.36052], [-71.0675, 42.36052], [-71.06774, 42.36051]]]]}}, {"type": "Feature", "properties": {"street_address": "93 Euclid Ave", "property_value": 3349000, "last_sale_date": "1924-11-24", "is_rental": false, "is_owner_occupied": false, "is_vacant": false, "count_permits_last_six_months": 7, "count_police_calls_last_six_months": 6}, "geometry": {"type": "MultiPolygon", "coordinates": [[[[-71.06866, 42.36085], [-71.06867, 42.36101], [-71.06829, 42.36102], [-71.06828, 42.36087], [-71.06851, 42.36086], [-71.06851, 42.36085], [-71.06866, 42.36085]]]]}}, {"type": "Feature", "properties": {"street_address": "193 Mercator Ln", "property_value": 528000, "last_sale_date": "1924-11-28", "is_rental": false, "is_owner_occupied": true, "is_vacant": false, "count_permits_last_six_months": 2, "count_police_calls_last_six_months": 8}, "geometry": {"type": "MultiPolygon", "coordinates": [[[[-71.0685, 42.36074], [-71.0685, 42.36079], [-71.06851, 42.36085], [-71.06844, 42.36086], [-71.06843, 42.36074], [-71.06845, 42.36074], [-71.0685, 42.36074]]]]}}, {"type": "Feature", "properties": {"street_address": "202 Gauss Blvd", "property_value": 2366000, "last_sale_date": "1922-12-08", "is_rental": true, "is_owner_occupied": false, "is_vacant": false, "count_permits_last_six_months": 0, "count_police_calls_last_six_months": 4}, "geometry": {"type": "MultiPolygon", "coordinates": [[[[-71.06843, 42.3608], [-71.06843, 42.36085], [-71.06829, 42.36086], [-71.06828, 42.3608], [-71.06843, 42.3608]]]]}}, {"type": "Feature", "properties": {"street_address": "238 Euler Way", "property_value": 2958000, "last_sale_date": "1998-09-13", "is_rental": true, "is_owner_occupied": false, "is_vacant": false, "count_permits_last_six_months": 3, "count_police_calls_last_six_months": 7}, "geometry": {"type": "MultiPolygon", "coordinates": [[[[-71.06842, 42.36074], [-71.06843, 42.3608], [-71.06828, 42.3608], [-71.06828, 42.36075], [-71.06842, 42.36074]]]]}}, {"type": "Feature", "properties": {"street_address": "178 Fibonacci Ct", "property_value": 835000, "last_sale_date": "1960-04-24", "is_rental": true, "is_owner_occupied": false, "is_vacant": false, "count_permits_last_six_months": 0, "count_police_calls_last_six_months": 10}, "geometry": {"type": "MultiPolygon", "coordinates": [[[[-71.06844, 42.36063], [-71.06844, 42.36064], [-71.06844, 42.36068], [-71.06827, 42.36069], [-71.06827, 42.36063], [-71.0684, 42.36063], [-71.06844, 42.36063]]]]}}, {"type": "Feature", "properties": {"street_address": "215 Archimedes Rd", "property_value": 2718000, "last_sale_date": "1894-04-07", "is_rental": true, "is_owner_occupied": false, "is_vacant": false, "count_permits_last_six_months": 1, "count_police_calls_last_six_months": 9}, "geometry": {"type": "MultiPolygon", "coordinates": [[[[-71.06822, 42.36085], [-71.06823, 42.36102], [-71.06815, 42.36102], [-71.06814, 42.36085], [-71.06822, 42.36085]]]]}}, {"type": "Feature", "properties": {"street_address": "18 Copernicus Dr", "property_value": 2028000, "last_sale_date": "1902-04-24", "is_rental": true, "is_owner_occupied": false, "is_vacant": false, "count_permits_last_six_months": 6, "count_police_calls_last_six_months": 7}, "geometry": {"type": "MultiPolygon", "coordinates": [[[[-71.06822, 42.36085], [-71.06823, 42.36102], [-71.06815, 42.36102], [-71.06814, 42.36085], [-71.06822, 42.36085]]]]}}, {"type": "Feature", "properties": {"street_address": "120 Kepler St", "property_value": 2410000, "last_sale_date": "1945-01-05", "is_rental": false, "is_owner_occupied": true, "is_vacant": false, "count_permits_last_six_months": 9, "count_police_calls_last_six_months": 5}, "geometry": {"type": "MultiPolygon", "coordinates": [[[[-71.06822, 42.36085], [-71.06823, 42.36102], [-71.06815, 42.36102], [-71.06814, 42.36085], [-71.06822, 42.36085]]]]}}, {"type": "Feature", "properties": {"street_address": "296 Descartes Ave", "property_value": 2649000, "last_sale_date": "1972-04-10", "is_rental": true, "is_owner_occupied": false, "is_vacant": false, "count_permits_last_six_months": 10, "count_police_calls_last_six_months": 8}, "geometry": {"type": "MultiPolygon", "coordinates": [[[[-71.06822, 42.36085], [-71.06823, 42.36102], [-71.06815, 42.36102], [-71.06814, 42.36085], [-71.06822, 42.36085]]]]}}, {"type": "Feature", "properties": {"street_address": "114 Riemann Ln", "property_value": 1893000, "last_sale_date": "1966-05-02", "is_rental": true, "is_owner_occupied": false, "is_vacant": false, "count_permits_last_six_months": 10, "count_police_calls_last_six_months": 10}, "geometry": {"type": "MultiPolygon", "coordinates": [[[[-71.06822, 42.36085], [-71.06823, 42.36102], [-71.06815, 42.36102], [-71.06814, 42.36085], [-71.06822, 42.36085]]]]}}, {"type": "Feature", "properties": {"street_address": "219 Bernoulli Way", "property_value": 2476000, "last_sale_date": "2016-01-12", "is_rental": false, "is_owner_occupied": false, "is_vacant": false, "count_permits_last_six_months": 6, "count_police_calls_last_six_months": 2}, "geometry": {"type": "MultiPolygon", "coordinates": [[[[-71.06822, 42.36085], [-71.06823, 42.36102], [-71.06815, 42.36102], [-71.06814, 42.36085], [-71.06822, 42.36085]]]]}}, {"type": "Feature", "properties": {"street_address": "154 Fermat Pl", "property_value": 1741000, "last_sale_date": "1937-09-16", "is_rental": true, "is_owner_occupied": false, "is_vacant": false, "count_permits_last_six_months": 3, "count_police_calls_last_six_months": 4}, "geometry": {"type": "MultiPolygon", "coordinates": [[[[-71.06822, 42.36085], [-71.06823, 42.36102], [-71.06815, 42.36102], [-71.06814, 42.36085], [-71.06822, 42.36085]]]]}}, {"type": "Feature", "properties": {"street_address": "440 Lagrange Blvd", "property_value": 3098000, "last_sale_date": "1926-08-02", "is_rental": false, "is_owner_occupied": false, "is_vacant": true, "count_permits_last_six_months": 6, "count_police_calls_last_six_months": 3}, "geometry": {"type": "MultiPolygon", "coordinates": [[[[-71.06822, 42.36085], [-71.06823, 42.36102], [-71.06815, 42.36102], [-71.06814, 42.36085], [-71.06822, 42.36085]]]]}}, {"type": "Feature", "properties": {"street_address": "131 Napier Rd", "property_value": 1032000, "last_sale_date": "1974-11-03", "is_rental": false, "is_owner_occupied": false, "is_vacant": true, "count_permits_last_six_months": 8, "count_police_calls_last_six_months": 3}, "geometry": {"type": "MultiPolygon", "coordinates": [[[[-71.06814, 42.36085], [-71.06815, 42.36102], [-71.06808, 42.36102], [-71.06806, 42.36086], [-71.06814, 42.36085]]]]}}, {"type": "Feature", "properties": {"street_address": "27 Ortelius Dr", "property_value": 1299000, "last_sale_date": "1986-11-20", "is_rental": true, "is_owner_occupied": false, "is_vacant": false, "count_permits_last_six_months": 1, "count_police_calls_last_six_months": 3}, "geometry": {"type": "MultiPolygon", "coordinates": [[[[-71.06814, 42.36085], [-71.06815, 42.36102], [-71.06808, 42.36102], [-71.06806, 42.36086], [-71.06814, 42.36085]]]]}}, {"type": "Feature", "properties": {"street_address": "412 Cassini St", "property_value": 3319000, "last_sale_date": "1945-08-07", "is_rental": false, "is_owner_occupied": false, "is_vacant": true, "count_permits_last_six_months": 3, "count_police_calls_last_six_months": 3}, "geometry": {"type": "MultiPolygon", "coordinates": [[[[-71.06814, 42.36085], [-71.06815, 42.36102], [-71.06808, 42.36102], [-71.06806, 42.36086], [-71.06814, 42.36085]]]]}}, {"type": "Feature", "properties": {"street_address": "493 Brahe Ave", "property_value": 3237000, "last_sale_date": "1920-12-25", "is_rental": false, "is_owner_occupied": true, "is_vacant": false, "count_permits_last_six_months": 9, "count_police_calls_last_six_months": 3}, "geometry": {"type": "MultiPolygon", "coordinates": [[[[-71.06814, 42.36085], [-71.06815, 42.36102], [-71.06808, 42.36102], [-71.06806, 42.36086], [-71.06814, 42.36085]]]]}}, {"type": "Feature", "properties": {"street_address": "204 Halley Ln", "property_value": 3948000, "last_sale_date": "1951-09-11", "is_rental": false, "is_owner_occupied": false, "is_vacant": false, "count_permits_last_six_months": 8, "count_police_calls_last_six_months": 10}, "geometry": {"type": "MultiPolygon", "coordinates": [[[[-71.06806, 42.36086], [-71.06808, 42.36102], [-71.068, 42.36103], [-71.06799, 42.36086], [-71.06806, 42.36086]]]]}}, {"type": "Feature", "properties": {"street_address": "184 Eratosthenes Way", "property_value": 1463000, "last_sale_date": "1956-06-17", "is_rental": false, "is_owner_occupied": false, "is_vacant": true, "count_permits_last_six_months": 7, "count_police_calls_last_six_months": 5}, "geometry": {"type": "MultiPolygon", "coordinates": [[[[-71.06799, 42.36086], [-71.068, 42.36103], [-71.06791, 42.36103], [-71.0679, 42.36086], [-71.06799, 42.36086]]]]}}, {"type": "Feature", "properties": {"street_address": "469 Hipparchus Ct", "property_value": 1032000, "last_sale_date": "1984-06-14", "is_rental": true, "is_owner_occupied": false, "is_vacant": false, "count_permits_last_six_months": 9, "count_police_calls_last_six_months": 3}, "geometry": {"type": "MultiPolygon", "coordinates": [[[[-71.06822, 42.3608], [-71.06822, 42.36085], [-71.06814, 42.36085], [-71.06806, 42.36086], [-71.06799, 42.36086], [-71.0679, 42.36086], [-71.0679, 42.36081], [-71.06822, 42.3608]]]]}}, {"type": "Feature", "properties": {"street_address": "380 Strabo Rd", "property_value": 797000, "last_sale_date": "1894-05-18", "is_rental": false, "is_owner_occupied": false, "is_vacant": true, "count_permits_last_six_months": 3, "count_police_calls_last_six_months": 5}, "geometry": {"type": "MultiPolygon", "coordinates": [[[[-71.06821, 42.36074], [-71.06822, 42.3608], [-71.0679, 42.36081], [-71.06789, 42.36075], [-71.068, 42.36075], [-71.06809, 42.36074], [-71.06821, 42.36074]]]]}}, {"type": "Feature", "properties": {"street_address": "118 Waldseemuller Dr", "property_value": 1755000, "last_sale_date": "1952-08-18", "is_rental": false, "is_owner_occupied": false, "is_vacant": false, "count_permits_last_six_months": 10, "count_police_calls_last_six_months": 7}, "geometry": {"type": "MultiPolygon", "coordinates": [[[[-71.06809, 42.36064], [-71.06809, 42.36069], [-71.06789, 42.3607], [-71.06789, 42.36064], [-71.06809, 42.36064]]]]}}, {"type": "Feature", "properties": {"street_address": "236 Gerardus St", "property_value": 889000, "last_sale_date": "1980-03-05", "is_rental": false, "is_owner_occupied": true, "is_vacant": false, "count_permits_last_six_months": 8, "count_police_calls_last_six_months": 10}, "geometry": {"type": "MultiPolygon", "coordinates": [[[[-71.06838, 42.36035], [-71.0684, 42.36063], [-71.06827, 42.36063], [-71.0682, 42.36063], [-71.06809, 42.36064], [-71.06789, 42.36064], [-71.06787, 42.36037], [-71.06838, 42.36035]]]]}}, {"type": "Feature", "properties": {"street_address": "491 Cresques Ave", "property_value": 440000, "last_sale_date": "2024-01-27", "is_rental": true, "is_owner_occupied": false, "is_vacant": false, "count_permits_last_six_months": 10, "count_police_calls_last_six_months": 0}, "geometry": {"type": "MultiPolygon", "coordinates": [[[[-71.06838, 42.36035], [-71.0684, 42.36063], [-71.06827, 42.36063], [-71.0682, 42.36063], [-71.06809, 42.36064], [-71.06789, 42.36064], [-71.06787, 42.36037], [-71.06838, 42.36035]]]]}}, {"type": "Feature", "properties": {"street_address": "392 Ptolemy St", "property_value": 226000, "last_sale_date": "1995-03-27", "is_rental": true, "is_owner_occupied": false, "is_vacant": false, "count_permits_last_six_months": 1, "count_police_calls_last_six_months": 2}, "geometry": {"type": "MultiPolygon", "coordinates": [[[[-71.06838, 42.36035], [-71.0684, 42.36063], [-71.06827, 42.36063], [-71.0682, 42.36063], [-71.06809, 42.36064], [-71.06789, 42.36064], [-71.06787, 42.36037], [-71.06838, 42.36035]]]]}}, {"type": "Feature", "properties": {"street_address": "5 Euclid Ave", "property_value": 1095000, "last_sale_date": "2019-08-12", "is_rental": true, "is_owner_occupied": false, "is_vacant": false, "count_permits_last_six_months": 9, "count_police_calls_last_six_months": 10}, "geometry": {"type": "MultiPolygon", "coordinates": [[[[-71.06838, 42.36035], [-71.0684, 42.36063], [-71.06827, 42.36063], [-71.0682, 42.36063], [-71.06809, 42.36064], [-71.06789, 42.36064], [-71.06787, 42.36037], [-71.06838, 42.36035]]]]}}, {"type": "Feature", "properties": {"street_address": "342 Mercator Ln", "property_value": 2725000, "last_sale_date": "2013-11-16", "is_rental": true, "is_owner_occupied": false, "is_vacant": false, "count_permits_last_six_months": 0, "count_police_calls_last_six_months": 8}, "geometry": {"type": "MultiPolygon", "coordinates": [[[[-71.06838, 42.36035], [-71.0684, 42.36063], [-71.06827, 42.36063], [-71.0682, 42.36063], [-71.06809, 42.36064], [-71.06789, 42.36064], [-71.06787, 42.36037], [-71.06838, 42.36035]]]]}}, {"type": "Feature", "properties": {"street_address": "283 Gauss Blvd", "property_value": 1884000, "last_sale_date": "1893-01-17", "is_rental": false, "is_owner_occupied": false, "is_vacant": true, "count_permits_last_six_months": 8, "count_police_calls_last_six_months": 10}, "geometry": {"type": "MultiPolygon", "coordinates": [[[[-71.06838, 42.36035], [-71.0684, 42.36063], [-71.06827, 42.36063], [-71.0682, 42.36063], [-71.06809, 42.36064], [-71.06789, 42.36064], [-71.06787, 42.36037], [-71.06838, 42.36035]]]]}}, {"type": "Feature", "properties": {"street_address": "221 Euler Way", "property_value": 3502000, "last_sale_date": "1935-02-04", "is_rental": true, "is_owner_occupied": false, "is_vacant": false, "count_permits_last_six_months": 3, "count_police_calls_last_six_months": 3}, "geometry": {"type": "MultiPolygon", "coordinates": [[[[-71.06838, 42.36035], [-71.0684, 42.36063], [-71.06827, 42.36063], [-71.0682, 42.36063], [-71.06809, 42.36064], [-71.06789, 42.36064], [-71.06787, 42.36037], [-71.06838, 42.36035]]]]}}, {"type": "Feature", "properties": {"street_address": "318 Fibonacci Ct", "property_value": 2356000, "last_sale_date": "1954-06-09", "is_rental": false, "is_owner_occupied": true, "is_vacant": false, "count_permits_last_six_months": 5, "count_police_calls_last_six_months": 6}, "geometry": {"type": "MultiPolygon", "coordinates": [[[[-71.06838, 42.36035], [-71.0684, 42.36063], [-71.06827, 42.36063], [-71.0682, 42.36063], [-71.06809, 42.36064], [-71.06789, 42.36064], [-71.06787, 42.36037], [-71.06838, 42.36035]]]]}}, {"type": "Feature", "properties": {"street_address": "236 Archimedes Rd", "property_value": 2514000, "last_sale_date": "1952-12-08", "is_rental": false, "is_owner_occupied": true, "is_vacant": false, "count_permits_last_six_months": 10, "count_police_calls_last_six_months": 10}, "geometry": {"type": "MultiPolygon", "coordinates": [[[[-71.06838, 42.36035], [-71.0684, 42.36063], [-71.06827, 42.36063], [-71.0682, 42.36063], [-71.06809, 42.36064], [-71.06789, 42.36064], [-71.06787, 42.36037], [-71.06838, 42.36035]]]]}}, {"type": "Feature", "properties": {"street_address": "389 Copernicus Dr", "property_value": 329000, "last_sale_date": "1913-07-13", "is_rental": false, "is_owner_occupied": false, "is_vacant": true, "count_permits_last_six_months": 10, "count_police_calls_last_six_months": 0}, "geometry": {"type": "MultiPolygon", "coordinates": [[[[-71.06847, 42.36035], [-71.06848, 42.36043], [-71.06848, 42.36048], [-71.06849, 42.36053], [-71.06849, 42.36062], [-71.06844, 42.36063], [-71.0684, 42.36063], [-71.06838, 42.36035], [-71.06847, 42.36035]]]]}}, {"type": "Feature", "properties": {"street_address": "360 Kepler St", "property_value": 901000, "last_sale_date": "1911-08-28", "is_rental": false, "is_owner_occupied": false, "is_vacant": true, "count_permits_last_six_months": 8, "count_police_calls_last_six_months": 0}, "geometry": {"type": "MultiPolygon", "coordinates": [[[[-71.06863, 42.36035], [-71.06864, 42.36043], [-71.06848, 42.36043], [-71.06847, 42.36035], [-71.06863, 42.36035]]]]}}, {"type": "Feature", "properties": {"street_address": "118 Descartes Ave", "property_value": 1065000, "last_sale_date": "2011-05-02", "is_rental": true, "is_owner_occupied": false, "is_vacant": false, "count_permits_last_six_months": 10, "count_police_calls_last_six_months": 4}, "geometry": {"type": "MultiPolygon", "coordinates": [[[[-71.06863, 42.36035], [-71.06864, 42.36043], [-71.06848, 42.36043], [-71.06847, 42.36035], [-71.06863, 42.36035]]]]}}, {"type": "Feature", "properties": {"street_address": "461 Riemann Ln", "property_value": 2424000, "last_sale_date": "1898-03-28", "is_rental": false, "is_owner_occupied": true, "is_vacant": false, "count_permits_last_six_months": 3, "count_police_calls_last_six_months": 9}, "geometry": {"type": "MultiPolygon", "coordinates": [[[[-71.06863, 42.36035], [-71.06864, 42.36043], [-71.06848, 42.36043], [-71.06847, 42.36035], [-71.06863, 42.36035]]]]}}, {"type": "Feature", "properties": {"street_address": "74 Bernoulli Way", "property_value": 3281000, "last_sale_date": "1991-02-10", "is_rental": true, "is_owner_occupied": false, "is_vacant": false, "count_permits_last_six_months": 9, "count_police_calls_last_six_months": 3}, "geometry": {"type": "MultiPolygon", "coordinates": [[[[-71.06863, 42.36035], [-71.06864, 42.36043], [-71.06848, 42.36043], [-71.06847, 42.36035], [-71.06863, 42.36035]]]]}}, {"type": "Feature", "properties": {"street_address": "291 Fermat Pl", "property_value": 3618000, "last_sale_date": "1989-11-18", "is_rental": false, "is_owner_occupied": false, "is_vacant": true, "count_permits_last_six_months": 1, "count_police_calls_last_six_months": 8}, "geometry": {"type": "MultiPolygon", "coordinates": [[[[-71.06863, 42.36035], [-71.06864, 42.36043], [-71.06848, 42.36043], [-71.06847, 42.36035], [-71.06863, 42.36035]]]]}}, {"type": "Feature", "properties": {"street_address": "382 Lagrange Blvd", "property_value": 1616000, "last_sale_date": "1903-02-14", "is_rental": true, "is_owner_occupied": false, "is_vacant": false, "count_permits_last_six_months": 1, "count_police_calls_last_six_months": 5}, "geometry": {"type": "MultiPolygon", "coordinates": [[[[-71.06863, 42.36035], [-71.06864, 42.36043], [-71.06848, 42.36043], [-71.06847, 42.36035], [-71.06863, 42.36035]]]]}}, {"type": "Feature", "properties": {"street_address": "310 Napier Rd", "property_value": 3349000, "last_sale_date": "1991-06-01", "is_rental": false, "is_owner_occupied": false, "is_vacant": false, "count_permits_last_six_months": 3, "count_police_calls_last_six_months": 5}, "geometry": {"type": "MultiPolygon", "coordinates": [[[[-71.06863, 42.36035], [-71.06864, 42.36043], [-71.06848, 42.36043], [-71.06847, 42.36035], [-71.06863, 42.36035]]]]}}, {"type": "Feature", "properties": {"street_address": "284 Ortelius Dr", "property_value": 1737000, "last_sale_date": "2000-03-22", "is_rental": false, "is_owner_occupied": true, "is_vacant": false, "count_permits_last_six_months": 9, "count_police_calls_last_six_months": 4}, "geometry": {"type": "MultiPolygon", "coordinates": [[[[-71.06863, 42.36035], [-71.06864, 42.36043], [-71.06848, 42.36043], [-71.06847, 42.36035], [-71.06863, 42.36035]]]]}}, {"type": "Feature", "properties": {"street_address": "409 Cassini St", "property_value": 1209000, "last_sale_date": "1908-02-09", "is_rental": true, "is_owner_occupied": false, "is_vacant": false, "count_permits_last_six_months": 6, "count_police_calls_last_six_months": 10}, "geometry": {"type": "MultiPolygon", "coordinates": [[[[-71.06863, 42.36035], [-71.06864, 42.36043], [-71.06848, 42.36043], [-71.06847, 42.36035], [-71.06863, 42.36035]]]]}}, {"type": "Feature", "properties": {"street_address": "79 Brahe Ave", "property_value": 3229000, "last_sale_date": "1989-06-12", "is_rental": true, "is_owner_occupied": false, "is_vacant": false, "count_permits_last_six_months": 1, "count_police_calls_last_six_months": 0}, "geometry": {"type": "MultiPolygon", "coordinates": [[[[-71.06863, 42.36035], [-71.06864, 42.36043], [-71.06848, 42.36043], [-71.06847, 42.36035], [-71.06863, 42.36035]]]]}}, {"type": "Feature", "properties": {"street_address": "483 Halley Ln", "property_value": 1462000, "last_sale_date": "2003-06-25", "is_rental": false, "is_owner_occupied": true, "is_vacant": false, "count_permits_last_six_months": 2, "count_police_calls_last_six_months": 1}, "geometry": {"type": "MultiPolygon", "coordinates": [[[[-71.06864, 42.36043], [-71.06864, 42.36048], [-71.06848, 42.36048], [-71.06848, 42.36043], [-71.06864, 42.36043]]]]}}, {"type": "Feature", "properties": {"street_address": "96 Eratosthenes Way", "property_value": 1965000, "last_sale_date": "2004-09-18", "is_rental": false, "is_owner_occupied": true, "is_vacant": false, "count_permits_last_six_months": 0, "count_police_calls_last_six_months": 1}, "geometry": {"type": "MultiPolygon", "coordinates": [[[[-71.06864, 42.36048], [-71.06864, 42.36053], [-71.06849, 42.36053], [-71.06848, 42.36048], [-71.06864, 42.36048]]]]}}, {"type": "Feature", "properties": {"street_address": "182 Hipparchus Ct", "property_value": 2470000, "last_sale_date": "1913-10-20", "is_rental": false, "is_owner_occupied": false, "is_vacant": true, "count_permits_last_six_months": 4, "count_police_calls_last_six_months": 6}, "geometry": {"type": "MultiPolygon", "coordinates": [[[[-71.06864, 42.36053], [-71.06865, 42.36063], [-71.0685, 42.36064], [-71.06849, 42.36053], [-71.06864, 42.36053]]]]}}, {"type": "Feature", "properties": {"street_address": "199 Strabo Rd", "property_value": 3391000, "last_sale_date": "1911-12-18", "is_rental": true, "is_owner_occupied": false, "is_vacant": false, "count_permits_last_six_months": 9, "count_police_calls_last_six_months": 8}, "geometry": {"type": "MultiPolygon", "coordinates": [[[[-71.06865, 42.36063], [-71.06865, 42.36068], [-71.06844, 42.36069], [-71.06844, 42.36068], [-71.06844, 42.36064], [-71.0685, 42.36064], [-71.06865, 42.36063]]]]}}, {"type": "Feature", "properties": {"street_address": "87 Waldseemuller Dr", "property_value": 3007000, "last_sale_date": "1987-03-05", "is_rental": false, "is_owner_occupied": false, "is_vacant": false, "count_permits_last_six_months": 7, "count_police_calls_last_six_months": 2}, "geometry": {"type": "MultiPolygon", "coordinates": [[[[-71.06865, 42.36068], [-71.06865, 42.36073], [-71.0685, 42.36074], [-71.06845, 42.36074], [-71.06844, 42.36069], [-71.06865, 42.36068]]]]}}, {"type": "Feature", "properties": {"street_address": "33 Gerardus St", "property_value": 884000, "last_sale_date": "2001-05-14", "is_rental": false, "is_owner_occupied": false, "is_vacant": true, "count_permits_last_six_months": 5, "count_police_calls_last_six_months": 4}, "geometry": {"type": "MultiPolygon", "coordinates": [[[[-71.06865, 42.36073], [-71.06866, 42.36078], [-71.0685, 42.36079], [-71.0685, 42.36074], [-71.06865, 42.36073]]]]}}, {"type": "Feature", "properties": {"street_address": "484 Cresques Ave", "property_value": 1210000, "last_sale_date": "2016-10-20", "is_rental": true, "is_owner_occupied": false, "is_vacant": false, "count_permits_last_six_months": 7, "count_police_calls_last_six_months": 1}, "geometry": {"type": "MultiPolygon", "coordinates": [[[[-71.06866, 42.36078], [-71.06866, 42.36085], [-71.06851, 42.36085], [-71.0685, 42.36079], [-71.06866, 42.36078]]]]}}, {"type": "Feature", "properties": {"street_address": "70 Ptolemy St", "property_value": 1447000, "last_sale_date": "1891-07-11", "is_rental": false, "is_owner_occupied": false, "is_vacant": false, "count_permits_last_six_months": 5, "count_police_calls_last_six_months": 6}, "geometry": {"type": "MultiPolygon", "coordinates": [[[[-71.06866, 42.36078], [-71.06866, 42.36085], [-71.06851, 42.36085], [-71.0685, 42.36079], [-71.06866, 42.36078]]]]}}, {"type": "Feature", "properties": {"street_address": "418 Euclid Ave", "property_value": 3573000, "last_sale_date": "1924-05-11", "is_rental": true, "is_owner_occupied": false, "is_vacant": false, "count_permits_last_six_months": 7, "count_police_calls_last_six_months": 5}, "geometry": {"type": "MultiPolygon", "coordinates": [[[[-71.06866, 42.36078], [-71.06866, 42.36085], [-71.06851, 42.36085], [-71.0685, 42.36079], [-71.06866, 42.36078]]]]}}, {"type": "Feature", "properties": {"street_address": "91 Mercator Ln", "property_value": 1831000, "last_sale_date": "1971-05-24", "is_rental": false, "is_owner_occupied": true, "is_vacant": false, "count_permits_last_six_months": 5, "count_police_calls_last_six_months": 6}, "geometry": {"type": "MultiPolygon", "coordinates": [[[[-71.06866, 42.36078], [-71.06866, 42.36085], [-71.06851, 42.36085], [-71.0685, 42.36079], [-71.06866, 42.36078]]]]}}, {"type": "Feature", "properties": {"street_address": "144 Gauss Blvd", "property_value": 3544000, "last_sale_date": "1990-06-04", "is_rental": true, "is_owner_occupied": false, "is_vacant": false, "count_permits_last_six_months": 9, "count_police_calls_last_six_months": 8}, "geometry": {"type": "MultiPolygon", "coordinates": [[[[-71.06796, 42.3596], [-71.06797, 42.35975], [-71.06781, 42.35975], [-71.0678, 42.3596], [-71.06796, 42.3596]]]]}}, {"type": "Feature", "properties": {"street_address": "93 Euler Way", "property_value": 2992000, "last_sale_date": "1896-12-15", "is_rental": true, "is_owner_occupied": false, "is_vacant": false, "count_permits_last_six_months": 7, "count_police_calls_last_six_months": 4}, "geometry": {"type": "MultiPolygon", "coordinates": [[[[-71.06796, 42.3596], [-71.06797, 42.35975], [-71.06781, 42.35975], [-71.0678, 42.3596], [-71.06796, 42.3596]]]]}}, {"type": "Feature", "properties": {"street_address": "426 Fibonacci Ct", "property_value": 3037000, "last_sale_date": "1907-07-22", "is_rental": false, "is_owner_occupied": true, "is_vacant": false, "count_permits_last_six_months": 10, "count_police_calls_last_six_months": 4}, "geometry": {"type": "MultiPolygon", "coordinates": [[[[-71.06796, 42.3596], [-71.06797, 42.35975], [-71.06781, 42.35975], [-71.0678, 42.3596], [-71.06796, 42.3596]]]]}}, {"type": "Feature", "properties": {"street_address": "124 Archimedes Rd", "property_value": 1234000, "last_sale_date": "1929-12-14", "is_rental": false, "is_owner_occupied": true, "is_vacant": false, "count_permits_last_six_months": 7, "count_police_calls_last_six_months": 9}, "geometry": {"type": "MultiPolygon", "coordinates": [[[[-71.06803, 42.35959], [-71.06804, 42.35975], [-71.06797, 42.35975], [-71.06796, 42.3596], [-71.06803, 42.35959]]]]}}, {"type": "Feature", "properties": {"street_address": "246 Copernicus Dr", "property_value": 2584000, "last_sale_date": "1992-09-17", "is_rental": false, "is_owner_occupied": true, "is_vacant": false, "count_permits_last_six_months": 5, "count_police_calls_last_six_months": 8}, "geometry": {"type": "MultiPolygon", "coordinates": [[[[-71.06803, 42.35959], [-71.06804, 42.35975], [-71.06797, 42.35975], [-71.06796, 42.3596], [-71.06803, 42.35959]]]]}}, {"type": "Feature", "properties": {"street_address": "305 Kepler St", "property_value": 2813000, "last_sale_date": "1911-02-25", "is_rental": true, "is_owner_occupied": false, "is_vacant": false, "count_permits_last_six_months": 10, "count_police_calls_last_six_months": 10}, "geometry": {"type": "MultiPolygon", "coordinates": [[[[-71.0681, 42.35959], [-71.06812, 42.35974], [-71.06804, 42.35975], [-71.06803, 42.35959], [-71.0681, 42.35959]]]]}}, {"type": "Feature", "properties": {"street_address": "182 Descartes Ave", "property_value": 881000, "last_sale_date": "1901-10-21", "is_rental": false, "is_owner_occupied": false, "is_vacant": false, "count_permits_last_six_months": 1, "count_police_calls_last_six_months": 0}, "geometry": {"type": "MultiPolygon", "coordinates": [[[[-71.06825, 42.35959], [-71.06826, 42.35974], [-71.06819, 42.35974], [-71.06817, 42.35959], [-71.06825, 42.35959]]]]}}, {"type": "Feature", "properties": {"street_address": "51 Riemann Ln", "property_value": 1259000, "last_sale_date": "1946-09-24", "is_rental": true, "is_owner_occupied": false, "is_vacant": false, "count_permits_last_six_months": 7, "count_police_calls_last_six_months": 5}, "geometry": {"type": "MultiPolygon", "coordinates": [[[[-71.06825, 42.35959], [-71.06826, 42.35974], [-71.06819, 42.35974], [-71.06817, 42.35959], [-71.06825, 42.35959]]]]}}, {"type": "Feature", "properties": {"street_address": "201 Bernoulli Way", "property_value": 2096000, "last_sale_date": "2018-03-12", "is_rental": true, "is_owner_occupied": false, "is_vacant": false, "count_permits_last_six_months": 7, "count_police_calls_last_six_months": 1}, "geometry": {"type": "MultiPolygon", "coordinates": [[[[-71.06832, 42.35959], [-71.06833, 42.35974], [-71.06826, 42.35974], [-71.06825, 42.35959], [-71.06832, 42.35959]]]]}}, {"type": "Feature", "properties": {"street_address": "152 Fermat Pl", "property_value": 1903000, "last_sale_date": "1911-02-27", "is_rental": true, "is_owner_occupied": false, "is_vacant": false, "count_permits_last_six_months": 5, "count_police_calls_last_six_months": 4}, "geometry": {"type": "MultiPolygon", "coordinates": [[[[-71.06832, 42.35959], [-71.06833, 42.35974], [-71.06826, 42.35974], [-71.06825, 42.35959], [-71.06832, 42.35959]]]]}}, {"type": "Feature", "properties": {"street_address": "176 Lagrange Blvd", "property_value": 2065000, "last_sale_date": "1942-09-16", "is_rental": false, "is_owner_occupied": false, "is_vacant": true, "count_permits_last_six_months": 7, "count_police_calls_last_six_months": 7}, "geometry": {"type": "MultiPolygon", "coordinates": [[[[-71.06832, 42.35959], [-71.06833, 42.35974], [-71.06826, 42.35974], [-71.06825, 42.35959], [-71.06832, 42.35959]]]]}}, {"type": "Feature", "properties": {"street_address": "164 Napier Rd", "property_value": 475000, "last_sale_date": "1966-01-26", "is_rental": true, "is_owner_occupied": false, "is_vacant": false, "count_permits_last_six_months": 0, "count_police_calls_last_six_months": 5}, "geometry": {"type": "MultiPolygon", "coordinates": [[[[-71.06856, 42.35958], [-71.06856, 42.35967], [-71.06841, 42.35968], [-71.0684, 42.35959], [-71.06856, 42.35958]]]]}}, {"type": "Feature", "properties": {"street_address": "332 Ortelius Dr", "property_value": 647000, "last_sale_date": "1932-12-08", "is_rental": true, "is_owner_occupied": false, "is_vacant": false, "count_permits_last_six_months": 8, "count_police_calls_last_six_months": 2}, "geometry": {"type": "MultiPolygon", "coordinates": [[[[-71.06856, 42.35958], [-71.06856, 42.35967], [-71.06841, 42.35968], [-71.0684, 42.35959], [-71.06856, 42.35958]]]]}}, {"type": "Feature", "properties": {"street_address": "170 Cassini St", "property_value": 2493000, "last_sale_date": "1999-08-08", "is_rental": false, "is_owner_occupied": true, "is_vacant": false, "count_permits_last_six_months": 2, "count_police_calls_last_six_months": 10}, "geometry": {"type": "MultiPolygon", "coordinates": [[[[-71.06856, 42.35958], [-71.06856, 42.35967], [-71.06841, 42.35968], [-71.0684, 42.35959], [-71.06856, 42.35958]]]]}}, {"type": "Feature", "properties": {"street_address": "337 Brahe Ave", "property_value": 1970000, "last_sale_date": "1991-01-24", "is_rental": true, "is_owner_occupied": false, "is_vacant": false, "count_permits_last_six_months": 7, "count_police_calls_last_six_months": 9}, "geometry": {"type": "MultiPolygon", "coordinates": [[[[-71.06856, 42.35958], [-71.06856, 42.35967], [-71.06841, 42.35968], [-71.0684, 42.35959], [-71.06856, 42.35958]]]]}}, {"type": "Feature", "properties": {"street_address": "220 Halley Ln", "property_value": 1792000, "last_sale_date": "1891-12-07", "is_rental": true, "is_owner_occupied": false, "is_vacant": false, "count_permits_last_six_months": 4, "count_police_calls_last_six_months": 1}, "geometry": {"type": "MultiPolygon", "coordinates": [[[[-71.06856, 42.35967], [-71.06857, 42.35972], [-71.06841, 42.35973], [-71.06841, 42.35968], [-71.06856, 42.35967]]]]}}, {"type": "Feature", "properties": {"street_address": "296 Eratosthenes Way", "property_value": 616000, "last_sale_date": "1937-06-11", "is_rental": true, "is_owner_occupied": false, "is_vacant": false, "count_permits_last_six_months": 7, "count_police_calls_last_six_months": 1}, "geometry": {"type": "MultiPolygon", "coordinates": [[[[-71.06859, 42.35997], [-71.06859, 42.36006], [-71.06846, 42.36007], [-71.06845, 42.35998], [-71.06859, 42.35997]]]]}}, {"type": "Feature", "properties": {"street_address": "135 Hipparchus Ct", "property_value": 2947000, "last_sale_date": "2015-09-21", "is_rental": false, "is_owner_occupied": false, "is_vacant": false, "count_permits_last_six_months": 9, "count_police_calls_last_six_months": 1}, "geometry": {"type": "MultiPolygon", "coordinates": [[[[-71.06859, 42.35997], [-71.06859, 42.36006], [-71.06846, 42.36007], [-71.06845, 42.35998], [-71.06859, 42.35997]]]]}}, {"type": "Feature", "properties": {"street_address": "179 Strabo Rd", "property_value": 1641000, "last_sale_date": "2007-10-06", "is_rental": false, "is_owner_occupied": true, "is_vacant": false, "count_permits_last_six_months": 10, "count_police_calls_last_six_months": 2}, "geometry": {"type": "MultiPolygon", "coordinates": [[[[-71.06859, 42.36006], [-71.0686, 42.36015], [-71.06846, 42.36015], [-71.06846, 42.36007], [-71.06859, 42.36006]]]]}}, {"type": "Feature", "properties": {"street_address": "161 Waldseemuller Dr", "property_value": 682000, "last_sale_date": "1951-05-04", "is_rental": true, "is_owner_occupied": false, "is_vacant": false, "count_permits_last_six_months": 5, "count_police_calls_last_six_months": 2}, "geometry": {"type": "MultiPolygon", "coordinates": [[[[-71.06859, 42.36006], [-71.0686, 42.36015], [-71.06846, 42.36015], [-71.06846, 42.36007], [-71.06859, 42.36006]]]]}}, {"type": "Feature", "properties": {"street_address": "262 Gerardus St", "property_value": 1791000, "last_sale_date": "1997-10-05", "is_rental": false, "is_owner_occupied": false, "is_vacant": true, "count_permits_last_six_months": 7, "count_police_calls_last_six_months": 10}, "geometry": {"type": "MultiPolygon", "coordinates": [[[[-71.06829, 42.35999], [-71.06831, 42.36026], [-71.06824, 42.36026], [-71.06822, 42.36004], [-71.06821, 42.36003], [-71.06821, 42.35999], [-71.06829, 42.35999]]]]}}, {"type": "Feature", "properties": {"street_address": "276 Cresques Ave", "property_value": 3040000, "last_sale_date": "1934-09-06", "is_rental": false, "is_owner_occupied": false, "is_vacant": true, "count_permits_last_six_months": 2, "count_police_calls_last_six_months": 5}, "geometry": {"type": "MultiPolygon", "coordinates": [[[[-71.06815, 42.36009], [-71.06816, 42.36027], [-71.06809, 42.36027], [-71.06809, 42.3602], [-71.06808, 42.36015], [-71.06808, 42.36009], [-71.06815, 42.36009]]]]}}, {"type": "Feature", "properties": {"street_address": "432 Ptolemy St", "property_value": 2047000, "last_sale_date": "1903-06-01", "is_rental": false, "is_owner_occupied": true, "is_vacant": false, "count_permits_last_six_months": 3, "count_police_calls_last_six_months": 6}, "geometry": {"type": "MultiPolygon", "coordinates": [[[[-71.06815, 42.36009], [-71.06816, 42.36027], [-71.06809, 42.36027], [-71.06809, 42.3602], [-71.06808, 42.36015], [-71.06808, 42.36009], [-71.06815, 42.36009]]]]}}, {"type": "Feature", "properties": {"street_address": "494 Euclid Ave", "property_value": 2500000, "last_sale_date": "2019-11-16", "is_rental": false, "is_owner_occupied": false, "is_vacant": false, "count_permits_last_six_months": 7, "count_police_calls_last_six_months": 7}, "geometry": {"type": "MultiPolygon", "coordinates": [[[[-71.06809, 42.3602], [-71.06809, 42.36027], [-71.06785, 42.36028], [-71.06785, 42.36021], [-71.06809, 42.3602]]]]}}, {"type": "Feature", "properties": {"street_address": "86 Mercator Ln", "property_value": 538000, "last_sale_date": "1897-04-10", "is_rental": true, "is_owner_occupied": false, "is_vacant": false, "count_permits_last_six_months": 4, "count_police_calls_last_six_months": 3}, "geometry": {"type": "MultiPolygon", "coordinates": [[[[-71.06809, 42.3602], [-71.06809, 42.36027], [-71.06785, 42.36028], [-71.06785, 42.36021], [-71.06809, 42.3602]]]]}}, {"type": "Feature", "properties": {"street_address": "276 Gauss Blvd", "property_value": 1382000, "last_sale_date": "1933-08-19", "is_rental": false, "is_owner_occupied": true, "is_vacant": false, "count_permits_last_six_months": 9, "count_police_calls_last_six_months": 1}, "geometry": {"type": "MultiPolygon", "coordinates": [[[[-71.06809, 42.3602], [-71.06809, 42.36027], [-71.06785, 42.36028], [-71.06785, 42.36021], [-71.06809, 42.3602]]]]}}, {"type": "Feature", "properties": {"street_address": "138 Euler Way", "property_value": 3374000, "last_sale_date": "1983-09-27", "is_rental": true, "is_owner_occupied": false, "is_vacant": false, "count_permits_last_six_months": 7, "count_police_calls_last_six_months": 8}, "geometry": {"type": "MultiPolygon", "coordinates": [[[[-71.068, 42.35976], [-71.068, 42.35982], [-71.06781, 42.35983], [-71.06781, 42.35977], [-71.068, 42.35976]]]]}}, {"type": "Feature", "properties": {"street_address": "112 Fibonacci Ct", "property_value": 1941000, "last_sale_date": "1916-12-27", "is_rental": true, "is_owner_occupied": false, "is_vacant": false, "count_permits_last_six_months": 4, "count_police_calls_last_six_months": 0}, "geometry": {"type": "MultiPolygon", "coordinates": [[[[-71.068, 42.35976], [-71.068, 42.35982], [-71.06781, 42.35983], [-71.06781, 42.35977], [-71.068, 42.35976]]]]}}, {"type": "Feature", "properties": {"street_address": "231 Archimedes Rd", "property_value": 1276000, "last_sale_date": "1979-02-15", "is_rental": true, "is_owner_occupied": false, "is_vacant": false, "count_permits_last_six_months": 3, "count_police_calls_last_six_months": 3}, "geometry": {"type": "MultiPolygon", "coordinates": [[[[-71.068, 42.35976], [-71.068, 42.35982], [-71.06781, 42.35983], [-71.06781, 42.35977], [-71.068, 42.35976]]]]}}, {"type": "Feature", "properties": {"street_address": "416 Copernicus Dr", "property_value": 3221000, "last_sale_date": "1979-12-20", "is_rental": false, "is_owner_occupied": true, "is_vacant": false, "count_permits_last_six_months": 9, "count_police_calls_last_six_months": 2}, "geometry": {"type": "MultiPolygon", "coordinates": [[[[-71.06704, 42.35961], [-71.06704, 42.35975], [-71.06704, 42.35976], [-71.06692, 42.35976], [-71.06691, 42.35961], [-71.06704, 42.35961]]]]}}, {"type": "Feature", "properties": {"street_address": "402 Kepler St", "property_value": 1046000, "last_sale_date": "1942-01-19", "is_rental": false, "is_owner_occupied": false, "is_vacant": true, "count_permits_last_six_months": 5, "count_police_calls_last_six_months": 4}, "geometry": {"type": "MultiPolygon", "coordinates": [[[[-71.06704, 42.35961], [-71.06704, 42.35975], [-71.06704, 42.35976], [-71.06692, 42.35976], [-71.06691, 42.35961], [-71.06704, 42.35961]]]]}}, {"type": "Feature", "properties": {"street_address": "149 Descartes Ave", "property_value": 2545000, "last_sale_date": "1958-09-22", "is_rental": true, "is_owner_occupied": false, "is_vacant": false, "count_permits_last_six_months": 2, "count_police_calls_last_six_months": 6}, "geometry": {"type": "MultiPolygon", "coordinates": [[[[-71.06704, 42.35961], [-71.06704, 42.35975], [-71.06704, 42.35976], [-71.06692, 42.35976], [-71.06691, 42.35961], [-71.06704, 42.35961]]]]}}, {"type": "Feature", "properties": {"street_address": "471 Riemann Ln", "property_value": 442000, "last_sale_date": "1960-11-05", "is_rental": true, "is_owner_occupied": false, "is_vacant": false, "count_permits_last_six_months": 3, "count_police_calls_last_six_months": 2}, "geometry": {"type": "MultiPolygon", "coordinates": [[[[-71.06711, 42.35961], [-71.06712, 42.35974], [-71.06704, 42.35975], [-71.06704, 42.35961], [-71.06711, 42.35961]]]]}}, {"type": "Feature", "properties": {"street_address": "365 Bernoulli Way", "property_value": 1519000, "last_sale_date": "1953-11-13", "is_rental": false, "is_owner_occupied": true, "is_vacant": false, "count_permits_last_six_months": 9, "count_police_calls_last_six_months": 10}, "geometry": {"type": "MultiPolygon", "coordinates": [[[[-71.06711, 42.35961], [-71.06712, 42.35974], [-71.06704, 42.35975], [-71.06704, 42.35961], [-71.06711, 42.35961]]]]}}, {"type": "Feature", "properties": {"street_address": "138 Fermat Pl", "property_value": 2771000, "last_sale_date": "1996-07-15", "is_rental": true, "is_owner_occupied": false, "is_vacant": false, "count_permits_last_six_months": 10, "count_police_calls_last_six_months": 1}, "geometry": {"type": "MultiPolygon", "coordinates": [[[[-71.06711, 42.35961], [-71.06712, 42.35974], [-71.06704, 42.35975], [-71.06704, 42.35961], [-71.06711, 42.35961]]]]}}, {"type": "Feature", "properties": {"street_address": "207 Lagrange Blvd", "property_value": 2311000, "last_sale_date": "1961-12-12", "is_rental": false, "is_owner_occupied": false, "is_vacant": false, "count_permits_last_six_months": 9, "count_police_calls_last_six_months": 0}, "geometry": {"type": "MultiPolygon", "coordinates": [[[[-71.06724, 42.35961], [-71.06725, 42.35974], [-71.06712, 42.35974], [-71.06711, 42.35961], [-71.06724, 42.35961]]]]}}, {"type": "Feature", "properties": {"street_address": "445 Napier Rd", "property_value": 3370000, "last_sale_date": "1913-12-15", "is_rental": false, "is_owner_occupied": true, "is_vacant": false, "count_permits_last_six_months": 8, "count_police_calls_last_six_months": 6}, "geometry": {"type": "MultiPolygon", "coordinates": [[[[-71.06724, 42.35961], [-71.06725, 42.35974], [-71.06712, 42.35974], [-71.06711, 42.35961], [-71.06724, 42.35961]]]]}}, {"type": "Feature", "properties": {"street_address": "112 Ortelius Dr", "property_value": 1959000, "last_sale_date": "1944-08-09", "is_rental": false, "is_owner_occupied": false, "is_vacant": false, "count_permits_last_six_months": 8, "count_police_calls_last_six_months": 9}, "geometry": {"type": "MultiPolygon", "coordinates": [[[[-71.06724, 42.35961], [-71.06725, 42.35974], [-71.06712, 42.35974], [-71.06711, 42.35961], [-71.06724, 42.35961]]]]}}, {"type": "Feature", "properties": {"street_address": "67 Cassini St", "property_value": 2518000, "last_sale_date": "2014-06-22", "is_rental": true, "is_owner_occupied": false, "is_vacant": false, "count_permits_last_six_months": 0, "count_police_calls_last_six_months": 1}, "geometry": {"type": "MultiPolygon", "coordinates": [[[[-71.06725, 42.35974], [-71.06725, 42.3598], [-71.06712, 42.3598], [-71.06712, 42.35975], [-71.06725, 42.35974]]]]}}, {"type": "Feature", "properties": {"street_address": "321 Brahe Ave", "property_value": 3410000, "last_sale_date": "2007-01-04", "is_rental": true, "is_owner_occupied": false, "is_vacant": false, "count_permits_last_six_months": 7, "count_police_calls_last_six_months": 7}, "geometry": {"type": "MultiPolygon", "coordinates": [[[[-71.06725, 42.3598], [-71.06725, 42.35984], [-71.06713, 42.35984], [-71.06712, 42.35981], [-71.06712, 42.3598], [-71.06725, 42.3598]]]]}}, {"type": "Feature", "properties": {"street_address": "1 Halley Ln", "property_value": 1952000, "last_sale_date": "1941-12-05", "is_rental": false, "is_owner_occupied": true, "is_vacant": false, "count_permits_last_six_months": 4, "count_police_calls_last_six_months": 1}, "geometry": {"type": "MultiPolygon", "coordinates": [[[[-71.06742, 42.35984], [-71.06742, 42.35989], [-71.06731, 42.35989], [-71.06729, 42.35989], [-71.06729, 42.35985], [-71.06742, 42.35984]]]]}}, {"type": "Feature", "properties": {"street_address": "336 Eratosthenes Way", "property_value": 1676000, "last_sale_date": "1954-02-12", "is_rental": true, "is_owner_occupied": false, "is_vacant": false, "count_permits_last_six_months": 0, "count_police_calls_last_six_months": 6}, "geometry": {"type": "MultiPolygon", "coordinates": [[[[-71.06742, 42.35979], [-71.06742, 42.35982], [-71.06742, 42.35984], [-71.06729, 42.35985], [-71.06728, 42.3598], [-71.06742, 42.35979]]]]}}, {"type": "Feature", "properties": {"street_address": "321 Hipparchus Ct", "property_value": 1451000, "last_sale_date": "1949-07-21", "is_rental": true, "is_owner_occupied": false, "is_vacant": false, "count_permits_last_six_months": 1, "count_police_calls_last_six_months": 0}, "geometry": {"type": "MultiPolygon", "coordinates": [[[[-71.06741, 42.35974], [-71.06742, 42.35979], [-71.06728, 42.3598], [-71.06728, 42.35974], [-71.06741, 42.35974]]]]}}, {"type": "Feature", "properties": {"street_address": "110 Strabo Rd", "property_value": 2153000, "last_sale_date": "1909-03-19", "is_rental": true, "is_owner_occupied": false, "is_vacant": false, "count_permits_last_six_months": 8, "count_police_calls_last_six_months": 10}, "geometry": {"type": "MultiPolygon", "coordinates": [[[[-71.0674, 42.35961], [-71.06741, 42.3597], [-71.06741, 42.35973], [-71.06728, 42.35974], [-71.06727, 42.35961], [-71.0674, 42.35961]]]]}}, {"type": "Feature", "properties": {"street_address": "228 Waldseemuller Dr", "property_value": 238000, "last_sale_date": "1892-12-11", "is_rental": true, "is_owner_occupied": false, "is_vacant": false, "count_permits_last_six_months": 6, "count_police_calls_last_six_months": 2}, "geometry": {"type": "MultiPolygon", "coordinates": [[[[-71.06748, 42.35961], [-71.0675, 42.35977], [-71.0675, 42.35982], [-71.06742, 42.35982], [-71.06742, 42.35979], [-71.06741, 42.35974], [-71.06741, 42.35973], [-71.06741, 42.3597], [-71.0674, 42.35961], [-71.06748, 42.35961]]]]}}, {"type": "Feature", "properties": {"street_address": "245 Gerardus St", "property_value": 490000, "last_sale_date": "1948-07-03", "is_rental": true, "is_owner_occupied": false, "is_vacant": false, "count_permits_last_six_months": 1, "count_police_calls_last_six_months": 5}, "geometry": {"type": "MultiPolygon", "coordinates": [[[[-71.06758, 42.35961], [-71.06758, 42.35967], [-71.06755, 42.35967], [-71.06755, 42.35976], [-71.06755, 42.35977], [-71.0675, 42.35977], [-71.06748, 42.35961], [-71.06758, 42.35961]]]]}}, {"type": "Feature", "properties": {"street_address": "189 Cresques Ave", "property_value": 3808000, "last_sale_date": "1966-03-13", "is_rental": true, "is_owner_occupied": false, "is_vacant": false, "count_permits_last_six_months": 10, "count_police_calls_last_six_months": 10}, "geometry": {"type": "MultiPolygon", "coordinates": [[[[-71.06767, 42.3596], [-71.06768, 42.35976], [-71.06755, 42.35976], [-71.06755, 42.35967], [-71.06758, 42.35967], [-71.06758, 42.35961], [-71.06767, 42.3596]]]]}}, {"type": "Feature", "properties": {"street_address": "74 Ptolemy St", "property_value": 480000, "last_sale_date": "2025-10-01", "is_rental": true, "is_owner_occupied": false, "is_vacant": false, "count_permits_last_six_months": 7, "count_police_calls_last_six_months": 5}, "geometry": {"type": "MultiPolygon", "coordinates": [[[[-71.06767, 42.3596], [-71.06768, 42.35976], [-71.06755, 42.35976], [-71.06755, 42.35967], [-71.06758, 42.35967], [-71.06758, 42.35961], [-71.06767, 42.3596]]]]}}, {"type": "Feature", "properties": {"street_address": "370 Euclid Ave", "property_value": 1072000, "last_sale_date": "1928-07-20", "is_rental": false, "is_owner_occupied": true, "is_vacant": false, "count_permits_last_six_months": 1, "count_police_calls_last_six_months": 1}, "geometry": {"type": "MultiPolygon", "coordinates": [[[[-71.06767, 42.3596], [-71.06768, 42.35976], [-71.06755, 42.35976], [-71.06755, 42.35967], [-71.06758, 42.35967], [-71.06758, 42.35961], [-71.06767, 42.3596]]]]}}, {"type": "Feature", "properties": {"street_address": "72 Mercator Ln", "property_value": 3282000, "last_sale_date": "1921-10-24", "is_rental": false, "is_owner_occupied": false, "is_vacant": false, "count_permits_last_six_months": 5, "count_police_calls_last_six_months": 2}, "geometry": {"type": "MultiPolygon", "coordinates": [[[[-71.06767, 42.3596], [-71.06768, 42.35976], [-71.06755, 42.35976], [-71.06755, 42.35967], [-71.06758, 42.35967], [-71.06758, 42.35961], [-71.06767, 42.3596]]]]}}, {"type": "Feature", "properties": {"street_address": "127 Gauss Blvd", "property_value": 1334000, "last_sale_date": "1911-04-18", "is_rental": false, "is_owner_occupied": true, "is_vacant": false, "count_permits_last_six_months": 10, "count_police_calls_last_six_months": 4}, "geometry": {"type": "MultiPolygon", "coordinates": [[[[-71.06767, 42.3596], [-71.06768, 42.35976], [-71.06755, 42.35976], [-71.06755, 42.35967], [-71.06758, 42.35967], [-71.06758, 42.35961], [-71.06767, 42.3596]]]]}}, {"type": "Feature", "properties": {"street_address": "106 Euler Way", "property_value": 2320000, "last_sale_date": "2020-04-24", "is_rental": false, "is_owner_occupied": false, "is_vacant": true, "count_permits_last_six_months": 3, "count_police_calls_last_six_months": 7}, "geometry": {"type": "MultiPolygon", "coordinates": [[[[-71.06767, 42.3596], [-71.06768, 42.35976], [-71.06755, 42.35976], [-71.06755, 42.35967], [-71.06758, 42.35967], [-71.06758, 42.35961], [-71.06767, 42.3596]]]]}}, {"type": "Feature", "properties": {"street_address": "198 Fibonacci Ct", "property_value": 661000, "last_sale_date": "1951-08-21", "is_rental": true, "is_owner_occupied": false, "is_vacant": false, "count_permits_last_six_months": 8, "count_police_calls_last_six_months": 0}, "geometry": {"type": "MultiPolygon", "coordinates": [[[[-71.0677, 42.36], [-71.0677, 42.36006], [-71.06755, 42.36007], [-71.06755, 42.36], [-71.0677, 42.36]]]]}}, {"type": "Feature", "properties": {"street_address": "185 Archimedes Rd", "property_value": 1496000, "last_sale_date": "1923-07-28", "is_rental": false, "is_owner_occupied": false, "is_vacant": true, "count_permits_last_six_months": 7, "count_police_calls_last_six_months": 1}, "geometry": {"type": "MultiPolygon", "coordinates": [[[[-71.0677, 42.36], [-71.0677, 42.36006], [-71.06755, 42.36007], [-71.06755, 42.36], [-71.0677, 42.36]]]]}}, {"type": "Feature", "properties": {"street_address": "9 Copernicus Dr", "property_value": 2605000, "last_sale_date": "1907-01-09", "is_rental": true, "is_owner_occupied": false, "is_vacant": false, "count_permits_last_six_months": 0, "count_police_calls_last_six_months": 0}, "geometry": {"type": "MultiPolygon", "coordinates": [[[[-71.0677, 42.36], [-71.0677, 42.36006], [-71.06755, 42.36007], [-71.06755, 42.36], [-71.0677, 42.36]]]]}}, {"type": "Feature", "properties": {"street_address": "486 Kepler St", "property_value": 3432000, "last_sale_date": "1991-09-10", "is_rental": false, "is_owner_occupied": false, "is_vacant": false, "count_permits_last_six_months": 1, "count_police_calls_last_six_months": 10}, "geometry": {"type": "MultiPolygon", "coordinates": [[[[-71.0677, 42.36006], [-71.06771, 42.36012], [-71.06755, 42.36012], [-71.06755, 42.36007], [-71.0677, 42.36006]]]]}}, {"type": "Feature", "properties": {"street_address": "275 Descartes Ave", "property_value": 2402000, "last_sale_date": "1929-05-03", "is_rental": false, "is_owner_occupied": true, "is_vacant": false, "count_permits_last_six_months": 8, "count_police_calls_last_six_months": 3}, "geometry": {"type": "MultiPolygon", "coordinates": [[[[-71.06755, 42.36], [-71.06755, 42.36007], [-71.06755, 42.36012], [-71.06748, 42.36012], [-71.06747, 42.36], [-71.06755, 42.36]]]]}}, {"type": "Feature", "properties": {"street_address": "499 Riemann Ln", "property_value": 3509000, "last_sale_date": "1929-09-11", "is_rental": false, "is_owner_occupied": true, "is_vacant": false, "count_permits_last_six_months": 4, "count_police_calls_last_six_months": 6}, "geometry": {"type": "MultiPolygon", "coordinates": [[[[-71.06741, 42.36011], [-71.06742, 42.36027], [-71.06735, 42.36027], [-71.06734, 42.36011], [-71.06741, 42.36011]]]]}}, {"type": "Feature", "properties": {"street_address": "374 Bernoulli Way", "property_value": 3667000, "last_sale_date": "1951-01-08", "is_rental": true, "is_owner_occupied": false, "is_vacant": false, "count_permits_last_six_months": 6, "count_police_calls_last_six_months": 1}, "geometry": {"type": "MultiPolygon", "coordinates": [[[[-71.06741, 42.36011], [-71.06742, 42.36027], [-71.06735, 42.36027], [-71.06734, 42.36011], [-71.06741, 42.36011]]]]}}, {"type": "Feature", "properties": {"street_address": "233 Fermat Pl", "property_value": 2707000, "last_sale_date": "1904-05-22", "is_rental": true, "is_owner_occupied": false, "is_vacant": false, "count_permits_last_six_months": 1, "count_police_calls_last_six_months": 0}, "geometry": {"type": "MultiPolygon", "coordinates": [[[[-71.06712, 42.36014], [-71.06713, 42.36023], [-71.06696, 42.36024], [-71.06696, 42.36014], [-71.06712, 42.36014]]]]}}, {"type": "Feature", "properties": {"street_address": "363 Lagrange Blvd", "property_value": 762000, "last_sale_date": "1892-03-16", "is_rental": false, "is_owner_occupied": false, "is_vacant": true, "count_permits_last_six_months": 5, "count_police_calls_last_six_months": 2}, "geometry": {"type": "MultiPolygon", "coordinates": [[[[-71.06712, 42.36014], [-71.06713, 42.36023], [-71.06696, 42.36024], [-71.06696, 42.36014], [-71.06712, 42.36014]]]]}}, {"type": "Feature", "properties": {"street_address": "384 Napier Rd", "property_value": 3399000, "last_sale_date": "1958-12-04", "is_rental": true, "is_owner_occupied": false, "is_vacant": false, "count_permits_last_six_months": 5, "count_police_calls_last_six_months": 6}, "geometry": {"type": "MultiPolygon", "coordinates": [[[[-71.06711, 42.36], [-71.06711, 42.36004], [-71.06695, 42.36005], [-71.06694, 42.36], [-71.06711, 42.36]]]]}}, {"type": "Feature", "properties": {"street_address": "140 Ortelius Dr", "property_value": 2345000, "last_sale_date": "1906-05-23", "is_rental": true, "is_owner_occupied": false, "is_vacant": false, "count_permits_last_six_months": 7, "count_police_calls_last_six_months": 7}, "geometry": {"type": "MultiPolygon", "coordinates": [[[[-71.06731, 42.35994], [-71.06731, 42.35995], [-71.06732, 42.36], [-71.06711, 42.36], [-71.06694, 42.36], [-71.06694, 42.35995], [-71.06731, 42.35994]]]]}}, {"type": "Feature", "properties": {"street_address": "262 Cassini St", "property_value": 1675000, "last_sale_date": "1904-08-28", "is_rental": true, "is_owner_occupied": false, "is_vacant": false, "count_permits_last_six_months": 5, "count_police_calls_last_six_months": 2}, "geometry": {"type": "MultiPolygon", "coordinates": [[[[-71.06731, 42.35994], [-71.06731, 42.35995], [-71.06732, 42.36], [-71.06711, 42.36], [-71.06694, 42.36], [-71.06694, 42.35995], [-71.06731, 42.35994]]]]}}, {"type": "Feature", "properties": {"street_address": "131 Brahe Ave", "property_value": 3367000, "last_sale_date": "1916-10-22", "is_rental": true, "is_owner_occupied": false, "is_vacant": false, "count_permits_last_six_months": 3, "count_police_calls_last_six_months": 8}, "geometry": {"type": "MultiPolygon", "coordinates": [[[[-71.06713, 42.35985], [-71.06713, 42.35989], [-71.06693, 42.3599], [-71.06693, 42.35985], [-71.06713, 42.35985]]]]}}, {"type": "Feature", "properties": {"street_address": "2 Halley Ln", "property_value": 380000, "last_sale_date": "1893-04-02", "is_rental": false, "is_owner_occupied": false, "is_vacant": false, "count_permits_last_six_months": 2, "count_police_calls_last_six_months": 2}, "geometry": {"type": "MultiPolygon", "coordinates": [[[[-71.06713, 42.35985], [-71.06713, 42.35989], [-71.06693, 42.3599], [-71.06693, 42.35985], [-71.06713, 42.35985]]]]}}, {"type": "Feature", "properties": {"street_address": "477 Eratosthenes Way", "property_value": 3712000, "last_sale_date": "1899-09-26", "is_rental": false, "is_owner_occupied": true, "is_vacant": false, "count_permits_last_six_months": 5, "count_police_calls_last_six_months": 3}, "geometry": {"type": "MultiPolygon", "coordinates": [[[[-71.06712, 42.35974], [-71.06712, 42.35975], [-71.06712, 42.3598], [-71.06712, 42.35981], [-71.06693, 42.35981], [-71.06692, 42.35976], [-71.06704, 42.35976], [-71.06704, 42.35975], [-71.06712, 42.35974]]]]}}, {"type": "Feature", "properties": {"street_address": "214 Hipparchus Ct", "property_value": 3951000, "last_sale_date": "1971-05-27", "is_rental": true, "is_owner_occupied": false, "is_vacant": false, "count_permits_last_six_months": 9, "count_police_calls_last_six_months": 5}, "geometry": {"type": "MultiPolygon", "coordinates": [[[[-71.06652, 42.35963], [-71.06652, 42.35974], [-71.06652, 42.35976], [-71.06653, 42.35976], [-71.06653, 42.35978], [-71.06643, 42.35978], [-71.06643, 42.35963], [-71.06652, 42.35963]]]]}}, {"type": "Feature", "properties": {"street_address": "62 Strabo Rd", "property_value": 2256000, "last_sale_date": "1903-03-08", "is_rental": true, "is_owner_occupied": false, "is_vacant": false, "count_permits_last_six_months": 6, "count_police_calls_last_six_months": 1}, "geometry": {"type": "MultiPolygon", "coordinates": [[[[-71.06652, 42.35963], [-71.06652, 42.35974], [-71.06652, 42.35976], [-71.06653, 42.35976], [-71.06653, 42.35978], [-71.06643, 42.35978], [-71.06643, 42.35963], [-71.06652, 42.35963]]]]}}, {"type": "Feature", "properties": {"street_address": "450 Waldseemuller Dr", "property_value": 2105000, "last_sale_date": "1962-05-11", "is_rental": true, "is_owner_occupied": false, "is_vacant": false, "count_permits_last_six_months": 8, "count_police_calls_last_six_months": 7}, "geometry": {"type": "MultiPolygon", "coordinates": [[[[-71.06652, 42.35963], [-71.06652, 42.35974], [-71.06652, 42.35976], [-71.06653, 42.35976], [-71.06653, 42.35978], [-71.06643, 42.35978], [-71.06643, 42.35963], [-71.06652, 42.35963]]]]}}, {"type": "Feature", "properties": {"street_address": "5 Gerardus St", "property_value": 1711000, "last_sale_date": "1941-05-19", "is_rental": false, "is_owner_occupied": true, "is_vacant": false, "count_permits_last_six_months": 7, "count_police_calls_last_six_months": 5}, "geometry": {"type": "MultiPolygon", "coordinates": [[[[-71.06659, 42.35963], [-71.06659, 42.35978], [-71.06653, 42.35978], [-71.06653, 42.35976], [-71.06652, 42.35976], [-71.06652, 42.35974], [-71.06652, 42.35963], [-71.06659, 42.35963]]]]}}, {"type": "Feature", "properties": {"street_address": "303 Cresques Ave", "property_value": 2220000, "last_sale_date": "1940-12-18", "is_rental": true, "is_owner_occupied": false, "is_vacant": false, "count_permits_last_six_months": 2, "count_police_calls_last_six_months": 0}, "geometry": {"type": "MultiPolygon", "coordinates": [[[[-71.06681, 42.36], [-71.06682, 42.36012], [-71.06668, 42.36013], [-71.06666, 42.36001], [-71.06681, 42.36]]]]}}, {"type": "Feature", "properties": {"street_address": "478 Ptolemy St", "property_value": 1879000, "last_sale_date": "1896-04-18", "is_rental": false, "is_owner_occupied": true, "is_vacant": false, "count_permits_last_six_months": 5, "count_police_calls_last_six_months": 0}, "geometry": {"type": "MultiPolygon", "coordinates": [[[[-71.06681, 42.36], [-71.06682, 42.36012], [-71.06668, 42.36013], [-71.06666, 42.36001], [-71.06681, 42.36]]]]}}, {"type": "Feature", "properties": {"street_address": "389 Euclid Ave", "property_value": 2892000, "last_sale_date": "1986-12-24", "is_rental": false, "is_owner_occupied": true, "is_vacant": false, "count_permits_last_six_months": 3, "count_police_calls_last_six_months": 8}, "geometry": {"type": "MultiPolygon", "coordinates": [[[[-71.06681, 42.36], [-71.06682, 42.36012], [-71.06668, 42.36013], [-71.06666, 42.36001], [-71.06681, 42.36]]]]}}, {"type": "Feature", "properties": {"street_address": "122 Mercator Ln", "property_value": 1919000, "last_sale_date": "2015-01-05", "is_rental": false, "is_owner_occupied": true, "is_vacant": false, "count_permits_last_six_months": 0, "count_police_calls_last_six_months": 3}, "geometry": {"type": "MultiPolygon", "coordinates": [[[[-71.06683, 42.36017], [-71.06683, 42.36022], [-71.06668, 42.36023], [-71.06668, 42.36018], [-71.06683, 42.36017]]]]}}, {"type": "Feature", "properties": {"street_address": "460 Gauss Blvd", "property_value": 3663000, "last_sale_date": "2023-07-23", "is_rental": false, "is_owner_occupied": false, "is_vacant": true, "count_permits_last_six_months": 9, "count_police_calls_last_six_months": 1}, "geometry": {"type": "MultiPolygon", "coordinates": [[[[-71.06683, 42.36022], [-71.06684, 42.36028], [-71.06669, 42.36029], [-71.06668, 42.36023], [-71.06683, 42.36022]]]]}}, {"type": "Feature", "properties": {"street_address": "259 Euler Way", "property_value": 746000, "last_sale_date": "1990-02-19", "is_rental": true, "is_owner_occupied": false, "is_vacant": false, "count_permits_last_six_months": 6, "count_police_calls_last_six_months": 10}, "geometry": {"type": "MultiPolygon", "coordinates": [[[[-71.06683, 42.36022], [-71.06684, 42.36028], [-71.06669, 42.36029], [-71.06668, 42.36023], [-71.06683, 42.36022]]]]}}, {"type": "Feature", "properties": {"street_address": "494 Fibonacci Ct", "property_value": 735000, "last_sale_date": "1950-05-09", "is_rental": false, "is_owner_occupied": false, "is_vacant": false, "count_permits_last_six_months": 5, "count_police_calls_last_six_months": 7}, "geometry": {"type": "MultiPolygon", "coordinates": [[[[-71.06667, 42.36014], [-71.06668, 42.36018], [-71.06668, 42.36023], [-71.06669, 42.36029], [-71.06654, 42.36029], [-71.06653, 42.36016], [-71.06653, 42.36015], [-71.06667, 42.36014]]]]}}, {"type": "Feature", "properties": {"street_address": "140 Archimedes Rd", "property_value": 1156000, "last_sale_date": "1909-04-05", "is_rental": true, "is_owner_occupied": false, "is_vacant": false, "count_permits_last_six_months": 2, "count_police_calls_last_six_months": 1}, "geometry": {"type": "MultiPolygon", "coordinates": [[[[-71.06667, 42.36014], [-71.06668, 42.36018], [-71.06668, 42.36023], [-71.06669, 42.36029], [-71.06654, 42.36029], [-71.06653, 42.36016], [-71.06653, 42.36015], [-71.06667, 42.36014]]]]}}, {"type": "Feature", "properties": {"street_address": "85 Copernicus Dr", "property_value": 2041000, "last_sale_date": "2009-06-14", "is_rental": true, "is_owner_occupied": false, "is_vacant": false, "count_permits_last_six_months": 8, "count_police_calls_last_six_months": 5}, "geometry": {"type": "MultiPolygon", "coordinates": [[[[-71.06666, 42.36001], [-71.06668, 42.36013], [-71.06668, 42.36014], [-71.06667, 42.36014], [-71.06653, 42.36015], [-71.06653, 42.36016], [-71.06644, 42.36017], [-71.06643, 42.36002], [-71.06662, 42.36001], [-71.06666, 42.36001]]]]}}, {"type": "Feature", "properties": {"street_address": "494 Kepler St", "property_value": 3355000, "last_sale_date": "1943-08-10", "is_rental": false, "is_owner_occupied": false, "is_vacant": true, "count_permits_last_six_months": 1, "count_police_calls_last_six_months": 2}, "geometry": {"type": "MultiPolygon", "coordinates": [[[[-71.06666, 42.36001], [-71.06668, 42.36013], [-71.06668, 42.36014], [-71.06667, 42.36014], [-71.06653, 42.36015], [-71.06653, 42.36016], [-71.06644, 42.36017], [-71.06643, 42.36002], [-71.06662, 42.36001], [-71.06666, 42.36001]]]]}}, {"type": "Feature", "properties": {"street_address": "414 Descartes Ave", "property_value": 3010000, "last_sale_date": "1967-12-23", "is_rental": true, "is_owner_occupied": false, "is_vacant": false, "count_permits_last_six_months": 3, "count_police_calls_last_six_months": 5}, "geometry": {"type": "MultiPolygon", "coordinates": [[[[-71.06666, 42.36001], [-71.06668, 42.36013], [-71.06668, 42.36014], [-71.06667, 42.36014], [-71.06653, 42.36015], [-71.06653, 42.36016], [-71.06644, 42.36017], [-71.06643, 42.36002], [-71.06662, 42.36001], [-71.06666, 42.36001]]]]}}, {"type": "Feature", "properties": {"street_address": "76 Riemann Ln", "property_value": 573000, "last_sale_date": "1953-06-13", "is_rental": true, "is_owner_occupied": false, "is_vacant": false, "count_permits_last_six_months": 10, "count_police_calls_last_six_months": 4}, "geometry": {"type": "MultiPolygon", "coordinates": [[[[-71.06666, 42.36001], [-71.06668, 42.36013], [-71.06668, 42.36014], [-71.06667, 42.36014], [-71.06653, 42.36015], [-71.06653, 42.36016], [-71.06644, 42.36017], [-71.06643, 42.36002], [-71.06662, 42.36001], [-71.06666, 42.36001]]]]}}, {"type": "Feature", "properties": {"street_address": "134 Bernoulli Way", "property_value": 3559000, "last_sale_date": "1934-01-13", "is_rental": false, "is_owner_occupied": true, "is_vacant": false, "count_permits_last_six_months": 1, "count_police_calls_last_six_months": 7}, "geometry": {"type": "MultiPolygon", "coordinates": [[[[-71.06662, 42.35984], [-71.06661, 42.3599], [-71.06643, 42.3599], [-71.06643, 42.35984], [-71.06662, 42.35984]]]]}}, {"type": "Feature", "properties": {"street_address": "53 Fermat Pl", "property_value": 3492000, "last_sale_date": "1925-02-01", "is_rental": true, "is_owner_occupied": false, "is_vacant": false, "count_permits_last_six_months": 3, "count_police_calls_last_six_months": 2}, "geometry": {"type": "MultiPolygon", "coordinates": [[[[-71.0666, 42.36071], [-71.0666, 42.36072], [-71.06666, 42.36072], [-71.06666, 42.36077], [-71.06644, 42.36078], [-71.06644, 42.36072], [-71.0666, 42.36071]]]]}}, {"type": "Feature", "properties": {"street_address": "102 Lagrange Blvd", "property_value": 3573000, "last_sale_date": "1992-06-22", "is_rental": true, "is_owner_occupied": false, "is_vacant": false, "count_permits_last_six_months": 9, "count_police_calls_last_six_months": 9}, "geometry": {"type": "MultiPolygon", "coordinates": [[[[-71.0666, 42.36071], [-71.0666, 42.36072], [-71.06666, 42.36072], [-71.06666, 42.36077], [-71.06644, 42.36078], [-71.06644, 42.36072], [-71.0666, 42.36071]]]]}}, {"type": "Feature", "properties": {"street_address": "133 Napier Rd", "property_value": 3957000, "last_sale_date": "1909-01-03", "is_rental": true, "is_owner_occupied": false, "is_vacant": false, "count_permits_last_six_months": 10, "count_police_calls_last_six_months": 7}, "geometry": {"type": "MultiPolygon", "coordinates": [[[[-71.0666, 42.36071], [-71.0666, 42.36072], [-71.06666, 42.36072], [-71.06666, 42.36077], [-71.06644, 42.36078], [-71.06644, 42.36072], [-71.0666, 42.36071]]]]}}, {"type": "Feature", "properties": {"street_address": "415 Ortelius Dr", "property_value": 727000, "last_sale_date": "1913-06-04", "is_rental": true, "is_owner_occupied": false, "is_vacant": false, "count_permits_last_six_months": 7, "count_police_calls_last_six_months": 0}, "geometry": {"type": "MultiPolygon", "coordinates": [[[[-71.06686, 42.36058], [-71.06686, 42.36062], [-71.06671, 42.36062], [-71.06671, 42.36058], [-71.06686, 42.36058]]]]}}, {"type": "Feature", "properties": {"street_address": "87 Cassini St", "property_value": 3985000, "last_sale_date": "2000-12-13", "is_rental": false, "is_owner_occupied": true, "is_vacant": false, "count_permits_last_six_months": 6, "count_police_calls_last_six_months": 10}, "geometry": {"type": "MultiPolygon", "coordinates": [[[[-71.06686, 42.36062], [-71.06687, 42.36066], [-71.06671, 42.36067], [-71.06671, 42.36066], [-71.06671, 42.36062], [-71.06686, 42.36062]]]]}}, {"type": "Feature", "properties": {"street_address": "219 Brahe Ave", "property_value": 907000, "last_sale_date": "1980-04-06", "is_rental": false, "is_owner_occupied": false, "is_vacant": false, "count_permits_last_six_months": 2, "count_police_calls_last_six_months": 0}, "geometry": {"type": "MultiPolygon", "coordinates": [[[[-71.06666, 42.36072], [-71.06687, 42.36072], [-71.06688, 42.36077], [-71.06678, 42.36077], [-71.06666, 42.36077], [-71.06666, 42.36072]]]]}}, {"type": "Feature", "properties": {"street_address": "315 Halley Ln", "property_value": 2736000, "last_sale_date": "1952-11-10", "is_rental": false, "is_owner_occupied": false, "is_vacant": false, "count_permits_last_six_months": 0, "count_police_calls_last_six_months": 1}, "geometry": {"type": "MultiPolygon", "coordinates": [[[[-71.06666, 42.36072], [-71.06687, 42.36072], [-71.06688, 42.36077], [-71.06678, 42.36077], [-71.06666, 42.36077], [-71.06666, 42.36072]]]]}}, {"type": "Feature", "properties": {"street_address": "144 Eratosthenes Way", "property_value": 1768000, "last_sale_date": "1925-07-07", "is_rental": true, "is_owner_occupied": false, "is_vacant": false, "count_permits_last_six_months": 10, "count_police_calls_last_six_months": 8}, "geometry": {"type": "MultiPolygon", "coordinates": [[[[-71.06717, 42.36084], [-71.06718, 42.36104], [-71.06703, 42.36104], [-71.06702, 42.36084], [-71.06717, 42.36084]]]]}}, {"type": "Feature", "properties": {"street_address": "407 Hipparchus Ct", "property_value": 279000, "last_sale_date": "1987-12-12", "is_rental": false, "is_owner_occupied": false, "is_vacant": false, "count_permits_last_six_months": 9, "count_police_calls_last_six_months": 8}, "geometry": {"type": "MultiPolygon", "coordinates": [[[[-71.06717, 42.36084], [-71.06718, 42.36104], [-71.06703, 42.36104], [-71.06702, 42.36084], [-71.06717, 42.36084]]]]}}, {"type": "Feature", "properties": {"street_address": "165 Strabo Rd", "property_value": 1790000, "last_sale_date": "1959-03-01", "is_rental": false, "is_owner_occupied": true, "is_vacant": false, "count_permits_last_six_months": 0, "count_police_calls_last_six_months": 4}, "geometry": {"type": "MultiPolygon", "coordinates": [[[[-71.06717, 42.36084], [-71.06718, 42.36104], [-71.06703, 42.36104], [-71.06702, 42.36084], [-71.06717, 42.36084]]]]}}, {"type": "Feature", "properties": {"street_address": "30 Waldseemuller Dr", "property_value": 3512000, "last_sale_date": "2010-09-12", "is_rental": true, "is_owner_occupied": false, "is_vacant": false, "count_permits_last_six_months": 2, "count_police_calls_last_six_months": 1}, "geometry": {"type": "MultiPolygon", "coordinates": [[[[-71.06717, 42.36084], [-71.06718, 42.36104], [-71.06703, 42.36104], [-71.06702, 42.36084], [-71.06717, 42.36084]]]]}}, {"type": "Feature", "properties": {"street_address": "127 Gerardus St", "property_value": 2890000, "last_sale_date": "1951-05-18", "is_rental": true, "is_owner_occupied": false, "is_vacant": false, "count_permits_last_six_months": 3, "count_police_calls_last_six_months": 9}, "geometry": {"type": "MultiPolygon", "coordinates": [[[[-71.06717, 42.36084], [-71.06718, 42.36104], [-71.06703, 42.36104], [-71.06702, 42.36084], [-71.06717, 42.36084]]]]}}, {"type": "Feature", "properties": {"street_address": "434 Cresques Ave", "property_value": 3466000, "last_sale_date": "1989-06-27", "is_rental": true, "is_owner_occupied": false, "is_vacant": false, "count_permits_last_six_months": 2, "count_police_calls_last_six_months": 3}, "geometry": {"type": "MultiPolygon", "coordinates": [[[[-71.06737, 42.36065], [-71.06738, 42.36076], [-71.06716, 42.36077], [-71.06701, 42.36077], [-71.067, 42.36066], [-71.06717, 42.36065], [-71.0673, 42.36065], [-71.06737, 42.36065]]]]}}, {"type": "Feature", "properties": {"street_address": "304 Ptolemy St", "property_value": 1502000, "last_sale_date": "1981-10-01", "is_rental": false, "is_owner_occupied": true, "is_vacant": false, "count_permits_last_six_months": 9, "count_police_calls_last_six_months": 3}, "geometry": {"type": "MultiPolygon", "coordinates": [[[[-71.06717, 42.36061], [-71.06717, 42.36065], [-71.067, 42.36066], [-71.067, 42.36061], [-71.06717, 42.36061]]]]}}, {"type": "Feature", "properties": {"street_address": "429 Euclid Ave", "property_value": 3519000, "last_sale_date": "2016-09-10", "is_rental": true, "is_owner_occupied": false, "is_vacant": false, "count_permits_last_six_months": 7, "count_police_calls_last_six_months": 0}, "geometry": {"type": "MultiPolygon", "coordinates": [[[[-71.06711, 42.36038], [-71.06712, 42.3605], [-71.06699, 42.36051], [-71.06698, 42.36038], [-71.06711, 42.36038]]]]}}, {"type": "Feature", "properties": {"street_address": "47 Mercator Ln", "property_value": 430000, "last_sale_date": "1949-10-08", "is_rental": true, "is_owner_occupied": false, "is_vacant": false, "count_permits_last_six_months": 8, "count_police_calls_last_six_months": 7}, "geometry": {"type": "MultiPolygon", "coordinates": [[[[-71.06711, 42.36038], [-71.06712, 42.3605], [-71.06699, 42.36051], [-71.06698, 42.36038], [-71.06711, 42.36038]]]]}}, {"type": "Feature", "properties": {"street_address": "1 Gauss Blvd", "property_value": 1558000, "last_sale_date": "1941-03-11", "is_rental": true, "is_owner_occupied": false, "is_vacant": false, "count_permits_last_six_months": 5, "count_police_calls_last_six_months": 0}, "geometry": {"type": "MultiPolygon", "coordinates": [[[[-71.06717, 42.36038], [-71.06717, 42.36051], [-71.06716, 42.36051], [-71.06712, 42.36051], [-71.06712, 42.3605], [-71.06711, 42.36038], [-71.06717, 42.36038]]]]}}, {"type": "Feature", "properties": {"street_address": "12 Euler Way", "property_value": 805000, "last_sale_date": "1926-02-28", "is_rental": false, "is_owner_occupied": true, "is_vacant": false, "count_permits_last_six_months": 5, "count_police_calls_last_six_months": 10}, "geometry": {"type": "MultiPolygon", "coordinates": [[[[-71.06723, 42.36037], [-71.06723, 42.36051], [-71.06717, 42.36051], [-71.06717, 42.36038], [-71.06723, 42.36037]]]]}}, {"type": "Feature", "properties": {"street_address": "203 Fibonacci Ct", "property_value": 2600000, "last_sale_date": "1915-06-10", "is_rental": false, "is_owner_occupied": true, "is_vacant": false, "count_permits_last_six_months": 2, "count_police_calls_last_six_months": 6}, "geometry": {"type": "MultiPolygon", "coordinates": [[[[-71.06729, 42.36037], [-71.06729, 42.36051], [-71.06723, 42.36051], [-71.06723, 42.36037], [-71.06729, 42.36037]]]]}}, {"type": "Feature", "properties": {"street_address": "406 Archimedes Rd", "property_value": 2818000, "last_sale_date": "2014-11-11", "is_rental": true, "is_owner_occupied": false, "is_vacant": false, "count_permits_last_six_months": 8, "count_police_calls_last_six_months": 9}, "geometry": {"type": "MultiPolygon", "coordinates": [[[[-71.0675, 42.36037], [-71.06751, 42.36046], [-71.06752, 42.36051], [-71.0675, 42.36051], [-71.0675, 42.36052], [-71.06744, 42.36052], [-71.06743, 42.36037], [-71.0675, 42.36037]]]]}}, {"type": "Feature", "properties": {"street_address": "403 Copernicus Dr", "property_value": 1661000, "last_sale_date": "1947-11-19", "is_rental": true, "is_owner_occupied": false, "is_vacant": false, "count_permits_last_six_months": 6, "count_police_calls_last_six_months": 4}, "geometry": {"type": "MultiPolygon", "coordinates": [[[[-71.0675, 42.36037], [-71.06751, 42.36046], [-71.06752, 42.36051], [-71.0675, 42.36051], [-71.0675, 42.36052], [-71.06744, 42.36052], [-71.06743, 42.36037], [-71.0675, 42.36037]]]]}}, {"type": "Feature", "properties": {"street_address": "376 Kepler St", "property_value": 3020000, "last_sale_date": "1965-03-06", "is_rental": true, "is_owner_occupied": false, "is_vacant": false, "count_permits_last_six_months": 9, "count_police_calls_last_six_months": 6}, "geometry": {"type": "MultiPolygon", "coordinates": [[[[-71.06844, 42.36068], [-71.06844, 42.36069], [-71.06845, 42.36074], [-71.06843, 42.36074], [-71.06842, 42.36074], [-71.06828, 42.36075], [-71.06827, 42.36069], [-71.06844, 42.36068]]]]}}, {"type": "Feature", "properties": {"street_address": "436 Descartes Ave", "property_value": 3357000, "last_sale_date": "1898-03-20", "is_rental": false, "is_owner_occupied": true, "is_vacant": false, "count_permits_last_six_months": 10, "count_police_calls_last_six_months": 9}, "geometry": {"type": "MultiPolygon", "coordinates": [[[[-71.0682, 42.36063], [-71.06821, 42.36069], [-71.06809, 42.3607], [-71.06809, 42.36069], [-71.06809, 42.36064], [-71.0682, 42.36063]]]]}}, {"type": "Feature", "properties": {"street_address": "54 Riemann Ln", "property_value": 2232000, "last_sale_date": "1926-06-24", "is_rental": true, "is_owner_occupied": false, "is_vacant": false, "count_permits_last_six_months": 3, "count_police_calls_last_six_months": 5}, "geometry": {"type": "MultiPolygon", "coordinates": [[[[-71.06821, 42.36069], [-71.06821, 42.36074], [-71.06809, 42.36074], [-71.06809, 42.3607], [-71.06821, 42.36069]]]]}}, {"type": "Feature", "properties": {"street_address": "164 Bernoulli Way", "property_value": 887000, "last_sale_date": "1912-12-22", "is_rental": false, "is_owner_occupied": false, "is_vacant": true, "count_permits_last_six_months": 4, "count_police_calls_last_six_months": 3}, "geometry": {"type": "MultiPolygon", "coordinates": [[[[-71.06822, 42.36085], [-71.06823, 42.36102], [-71.06815, 42.36102], [-71.06814, 42.36085], [-71.06822, 42.36085]]]]}}, {"type": "Feature", "properties": {"street_address": "128 Fermat Pl", "property_value": 3039000, "last_sale_date": "1907-06-09", "is_rental": true, "is_owner_occupied": false, "is_vacant": false, "count_permits_last_six_months": 0, "count_police_calls_last_six_months": 0}, "geometry": {"type": "MultiPolygon", "coordinates": [[[[-71.06822, 42.36085], [-71.06823, 42.36102], [-71.06815, 42.36102], [-71.06814, 42.36085], [-71.06822, 42.36085]]]]}}, {"type": "Feature", "properties": {"street_address": "198 Lagrange Blvd", "property_value": 1994000, "last_sale_date": "1997-03-14", "is_rental": false, "is_owner_occupied": false, "is_vacant": false, "count_permits_last_six_months": 8, "count_police_calls_last_six_months": 6}, "geometry": {"type": "MultiPolygon", "coordinates": [[[[-71.06814, 42.36085], [-71.06815, 42.36102], [-71.06808, 42.36102], [-71.06806, 42.36086], [-71.06814, 42.36085]]]]}}, {"type": "Feature", "properties": {"street_address": "52 Napier Rd", "property_value": 3594000, "last_sale_date": "2012-10-21", "is_rental": true, "is_owner_occupied": false, "is_vacant": false, "count_permits_last_six_months": 2, "count_police_calls_last_six_months": 7}, "geometry": {"type": "MultiPolygon", "coordinates": [[[[-71.06814, 42.36085], [-71.06815, 42.36102], [-71.06808, 42.36102], [-71.06806, 42.36086], [-71.06814, 42.36085]]]]}}, {"type": "Feature", "properties": {"street_address": "38 Ortelius Dr", "property_value": 3473000, "last_sale_date": "1898-05-01", "is_rental": false, "is_owner_occupied": false, "is_vacant": true, "count_permits_last_six_months": 1, "count_police_calls_last_six_months": 5}, "geometry": {"type": "MultiPolygon", "coordinates": [[[[-71.06809, 42.36069], [-71.06809, 42.3607], [-71.06809, 42.36074], [-71.068, 42.36075], [-71.06789, 42.36075], [-71.06789, 42.3607], [-71.06809, 42.36069]]]]}}, {"type": "Feature", "properties": {"street_address": "88 Cassini St", "property_value": 3836000, "last_sale_date": "1986-03-24", "is_rental": true, "is_owner_occupied": false, "is_vacant": false, "count_permits_last_six_months": 8, "count_police_calls_last_six_months": 1}, "geometry": {"type": "MultiPolygon", "coordinates": [[[[-71.06838, 42.36035], [-71.0684, 42.36063], [-71.06827, 42.36063], [-71.0682, 42.36063], [-71.06809, 42.36064], [-71.06789, 42.36064], [-71.06787, 42.36037], [-71.06838, 42.36035]]]]}}, {"type": "Feature", "properties": {"street_address": "174 Brahe Ave", "property_value": 2633000, "last_sale_date": "2013-12-01", "is_rental": false, "is_owner_occupied": true, "is_vacant": false, "count_permits_last_six_months": 9, "count_police_calls_last_six_months": 6}, "geometry": {"type": "MultiPolygon", "coordinates": [[[[-71.06838, 42.36035], [-71.0684, 42.36063], [-71.06827, 42.36063], [-71.0682, 42.36063], [-71.06809, 42.36064], [-71.06789, 42.36064], [-71.06787, 42.36037], [-71.06838, 42.36035]]]]}}, {"type": "Feature", "properties": {"street_address": "81 Halley Ln", "property_value": 419000, "last_sale_date": "1915-06-07", "is_rental": true, "is_owner_occupied": false, "is_vacant": false, "count_permits_last_six_months": 6, "count_police_calls_last_six_months": 8}, "geometry": {"type": "MultiPolygon", "coordinates": [[[[-71.06838, 42.36035], [-71.0684, 42.36063], [-71.06827, 42.36063], [-71.0682, 42.36063], [-71.06809, 42.36064], [-71.06789, 42.36064], [-71.06787, 42.36037], [-71.06838, 42.36035]]]]}}, {"type": "Feature", "properties": {"street_address": "370 Eratosthenes Way", "property_value": 3991000, "last_sale_date": "1957-11-10", "is_rental": false, "is_owner_occupied": true, "is_vacant": false, "count_permits_last_six_months": 1, "count_police_calls_last_six_months": 0}, "geometry": {"type": "MultiPolygon", "coordinates": [[[[-71.06838, 42.36035], [-71.0684, 42.36063], [-71.06827, 42.36063], [-71.0682, 42.36063], [-71.06809, 42.36064], [-71.06789, 42.36064], [-71.06787, 42.36037], [-71.06838, 42.36035]]]]}}, {"type": "Feature", "properties": {"street_address": "202 Hipparchus Ct", "property_value": 2541000, "last_sale_date": "2015-03-02", "is_rental": false, "is_owner_occupied": true, "is_vacant": false, "count_permits_last_six_months": 6, "count_police_calls_last_six_months": 1}, "geometry": {"type": "MultiPolygon", "coordinates": [[[[-71.06838, 42.36035], [-71.0684, 42.36063], [-71.06827, 42.36063], [-71.0682, 42.36063], [-71.06809, 42.36064], [-71.06789, 42.36064], [-71.06787, 42.36037], [-71.06838, 42.36035]]]]}}, {"type": "Feature", "properties": {"street_address": "151 Strabo Rd", "property_value": 3574000, "last_sale_date": "2012-04-04", "is_rental": true, "is_owner_occupied": false, "is_vacant": false, "count_permits_last_six_months": 3, "count_police_calls_last_six_months": 2}, "geometry": {"type": "MultiPolygon", "coordinates": [[[[-71.06838, 42.36035], [-71.0684, 42.36063], [-71.06827, 42.36063], [-71.0682, 42.36063], [-71.06809, 42.36064], [-71.06789, 42.36064], [-71.06787, 42.36037], [-71.06838, 42.36035]]]]}}, {"type": "Feature", "properties": {"street_address": "327 Waldseemuller Dr", "property_value": 1395000, "last_sale_date": "1910-08-28", "is_rental": true, "is_owner_occupied": false, "is_vacant": false, "count_permits_last_six_months": 4, "count_police_calls_last_six_months": 6}, "geometry": {"type": "MultiPolygon", "coordinates": [[[[-71.06838, 42.36035], [-71.0684, 42.36063], [-71.06827, 42.36063], [-71.0682, 42.36063], [-71.06809, 42.36064], [-71.06789, 42.36064], [-71.06787, 42.36037], [-71.06838, 42.36035]]]]}}, {"type": "Feature", "properties": {"street_address": "242 Gerardus St", "property_value": 2203000, "last_sale_date": "1957-02-21", "is_rental": false, "is_owner_occupied": true, "is_vacant": false, "count_permits_last_six_months": 5, "count_police_calls_last_six_months": 6}, "geometry": {"type": "MultiPolygon", "coordinates": [[[[-71.06838, 42.36035], [-71.0684, 42.36063], [-71.06827, 42.36063], [-71.0682, 42.36063], [-71.06809, 42.36064], [-71.06789, 42.36064], [-71.06787, 42.36037], [-71.06838, 42.36035]]]]}}, {"type": "Feature", "properties": {"street_address": "190 Cresques Ave", "property_value": 964000, "last_sale_date": "2004-01-09", "is_rental": false, "is_owner_occupied": false, "is_vacant": false, "count_permits_last_six_months": 3, "count_police_calls_last_six_months": 4}, "geometry": {"type": "MultiPolygon", "coordinates": [[[[-71.06838, 42.36035], [-71.0684, 42.36063], [-71.06827, 42.36063], [-71.0682, 42.36063], [-71.06809, 42.36064], [-71.06789, 42.36064], [-71.06787, 42.36037], [-71.06838, 42.36035]]]]}}, {"type": "Feature", "properties": {"street_address": "289 Ptolemy St", "property_value": 452000, "last_sale_date": "1928-12-22", "is_rental": true, "is_owner_occupied": false, "is_vacant": false, "count_permits_last_six_months": 1, "count_police_calls_last_six_months": 10}, "geometry": {"type": "MultiPolygon", "coordinates": [[[[-71.06863, 42.36035], [-71.06864, 42.36043], [-71.06848, 42.36043], [-71.06847, 42.36035], [-71.06863, 42.36035]]]]}}]}